comuna,familia,ruta,nombre,paginas,paginas_texto,paginas_escaneadas,veredicto,categoria,sirve,confianza,motivo,metodo,rutas_copias
antuco,decreto_rectifica_decreto_alcaldicio_n_1159_de_fecha_23_de_febrero_de_2026_que_a,Ordenanzas Descargadas\1-600\antuco_decreto_rectifica_decreto_alcaldicio_n_1159_de_fecha_23_de_febrero_de_2026_que_a__1871.pdf,antuco_decreto_rectifica_decreto_alcaldicio_n_1159_de_fecha_23_de_febrero_de_2026_que_a__1871.pdf,2,0,2,ESCANEADO,INDETERMINADO,ESCALAR,BAJA,"RESCATADO POR AUDITORIA: Nombre de archivo truncado ('que_a...'), ESCANEADO sin texto extraible (verificado con pdftotext, resultado vacio). El descarte se basa solo en inferir que rectifica el mismo decreto 1159 que otro documento (mascotas) no incluido en este lote; evidencia insuficiente y barata de revisar. Rescatar por duda genuina. [descarte previo: Rectifica el decreto alcaldicio N 1159 de 23-feb-2026 (mismo numero de archivo Decreto_1159_2026.pdf que d0008, ordenanza de tenencia responsable de mascotas); no relacionado con el PRC.]",NOMBRE,Ordenanzas Descargadas\1-600\antuco_decreto_rectifica_decreto_alcaldicio_n_1159_de_fecha_23_de_febrero_de_2026_que_a__1871.pdf | descargas\antuco\ordenanzas_vigentes\decreto_rectifica_decreto_alcaldicio_n_1159_de_fecha_23_de_febrero_de_2026_que_a__1871.pdf
arauco,1526_deja_sin_efecto_declaratorias_de_utilidad_publica_en_relacion_al_plan_regul,Ordenanzas ordenadas\OCR ok\arauco_1526_deja_sin_efecto_declaratorias_de_utilidad_publica_en_relacion_al_plan_regul__Exportar.pdf,arauco_1526_deja_sin_efecto_declaratorias_de_utilidad_publica_en_relacion_al_plan_regul__Exportar.pdf,2,1,0,TEXTO,ENMIENDA_PRC,ESCALAR,BAJA,"RESCATADO POR AUDITORIA: El texto completo confirma que el decreto deja sin efecto declaratorias de utilidad publica 'en relacion al Plan Regulador Comunal de Arauco' (DS 23 V.yU. 1988), liberando afectaciones urbanisticas sobre predios especificos al amparo del art. transitorio Ley 20.791. Esto modifica los efectos normativos del PRC vigente, no es un mero tramite administrativo sin contenido. [descarte previo: solo deja sin efecto declaratorias de utilidad publica sobre terrenos, sin promulgar ni fijar normas urbanisticas nuevas (a diferencia de d0508)]",TEXTO,Ordenanzas Descargadas\1-600\arauco_1526_deja_sin_efecto_declaratorias_de_utilidad_publica_en_relacion_al_plan_regul__Exportar.pdf | Ordenanzas ordenadas\OCR ok\arauco_1526_deja_sin_efecto_declaratorias_de_utilidad_publica_en_relacion_al_plan_regul__Exportar.pdf | descargas\arauco\diario_oficial\1526_deja_sin_efecto_declaratorias_de_utilidad_publica_en_relacion_al_plan_regul__Exportar.pdf
cerrillos,9462019_plan_regulador_comunal_postergace_la_zona_c_del_plan_regulador_comunal_b,Ordenanzas Descargadas\1-600\cerrillos_9462019_plan_regulador_comunal_postergace_la_zona_c_del_plan_regulador_comunal_b__Mod. 946 2019.pdf,cerrillos_9462019_plan_regulador_comunal_postergace_la_zona_c_del_plan_regulador_comunal_b__Mod. 946 2019.pdf,1,1,0,TEXTO,MODIFICACION_PRC,ESCALAR,BAJA,"RESCATADO POR AUDITORIA: Texto completo (Diario Oficial) revela que corrige, en el inciso 5° del decreto 946/2019, el requisito de estacionamientos para edificios colectivos/copropiedad en zona C de Cerrillos, cambiando 'inferior a dos (2) por vivienda' por 'inferior a uno (1) por cada dos (2) viviendas'. Es una corrección de un parámetro urbanístico real (coeficiente de estacionamientos), no un mero trámite de forma. El analista se dejó llevar por la etiqueta 'fe de errata' sin notar que el contenido corregido es sustantivo. [descarte previo: Corrige un error de redacción (fe de errata) en el decreto de postergación 946/2019 sobre exigencia de estacionamientos; no modifica el PRC, solo ajusta el trámite de postergación temporal de zona C.]",TEXTO,Ordenanzas Descargadas\1-600\cerrillos_9462019_plan_regulador_comunal_postergace_la_zona_c_del_plan_regulador_comunal_b__Mod. 946 2019.pdf | descargas\cerrillos\diario_oficial\9462019_plan_regulador_comunal_postergace_la_zona_c_del_plan_regulador_comunal_b__Mod. 946 2019.pdf
cerrillos,decreto_exento_946_postergace_la_zona_c_del_plan_regulador_comunal_barrio_buzeta,Ordenanzas Descargadas\1-600\cerrillos_decreto_exento_946_postergace_la_zona_c_del_plan_regulador_comunal_barrio_buzeta__202-0946-2019.pdf,cerrillos_decreto_exento_946_postergace_la_zona_c_del_plan_regulador_comunal_barrio_buzeta__202-0946-2019.pdf,3,0,3,ESCANEADO,MODIFICACION_PRC,ESCALAR,BAJA,"RESCATADO POR AUDITORIA: Es el decreto original 946/2019 cuyo inciso 5° fue corregido por el documento hermano d0041 (con texto verificado en Diario Oficial): fija un requisito cuantitativo de estacionamientos ('inferior a dos por vivienda' en edificios colectivos/copropiedad) como condición asociada a la postergación de permisos en zona C, Barrio Buzeta. Contiene un parámetro urbanístico real, no es trámite puro pese a estar ESCANEADO sin capa de texto propia; la trampa de ESCANEADO aplica aquí de forma literal y hay evidencia cruzada confirmada. [descarte previo: Postergación de permisos en zona C mientras se actualiza el PRC; acto temporal sin normas urbanísticas nuevas, ejemplo explícito de trámite en la taxonomía.]",NOMBRE,Ordenanzas Descargadas\1-600\cerrillos_decreto_exento_946_postergace_la_zona_c_del_plan_regulador_comunal_barrio_buzeta__202-0946-2019.pdf | descargas\cerrillos\busqueda_global\decreto_exento_946_postergace_la_zona_c_del_plan_regulador_comunal_barrio_buzeta__202-0946-2019.pdf
chillan,2453_deja_sin_efecto_declaratorias_de_uitlidad_publica_de_las_siguientes_vias_co,Ordenanzas ordenadas\OCR ok\chillan_2453_deja_sin_efecto_declaratorias_de_uitlidad_publica_de_las_siguientes_vias_co__Decreto 2453 - Deja Sin Efecto Declaratorias.pdf,chillan_2453_deja_sin_efecto_declaratorias_de_uitlidad_publica_de_las_siguientes_vias_co__Decreto 2453 - Deja Sin Efecto Declaratorias.pdf,1,1,0,TEXTO,MODIFICACION_PRC,ESCALAR,BAJA,"RESCATADO POR AUDITORIA: El texto_primeras_paginas del JSON esta mezclado con un aviso de UF ajeno; verifique el PDF completo con pdftotext y contiene el Decreto 2453 real: 'Apruebase la Nomina de Vias que quedan sin efecto en la declaratoria de utilidad de uso publico en el Plan Regulador Comunal Vigente de la Comuna de Chillan'. Es un acto que modifica la aplicacion del PRC (levanta afectaciones de utilidad publica sobre vias especificas al amparo de la Ley 20.791/DDU 277), no un mero tramite. El analista se baso en un regex de trampa sin leer el decreto real. [descarte previo: Deja sin efecto declaratorias de utilidad publica de vias; es un acto de derogacion administrativa sin norma urbanistica propia, coincide con el regex_descarte de la trampa conocida.]",NOMBRE,Ordenanzas Descargadas\1-600\chillan_2453_deja_sin_efecto_declaratorias_de_uitlidad_publica_de_las_siguientes_vias_co__Decreto 2453 - Deja Sin Efecto Declaratorias.pdf | Ordenanzas ordenadas\OCR ok\chillan_2453_deja_sin_efecto_declaratorias_de_uitlidad_publica_de_las_siguientes_vias_co__Decreto 2453 - Deja Sin Efecto Declaratorias.pdf | descargas\chillan\diario_oficial\2453_deja_sin_efecto_declaratorias_de_uitlidad_publica_de_las_siguientes_vias_co__Decreto 2453 - Deja Sin Efecto Declaratorias.pdf
codegua,19_establece_dejar_sin_efecto_restitucion_de_declaratorias_de_utilidad_publica_p,Ordenanzas ordenadas\OCR ok\codegua_19_establece_dejar_sin_efecto_restitucion_de_declaratorias_de_utilidad_publica_p__Exportar.pdf,codegua_19_establece_dejar_sin_efecto_restitucion_de_declaratorias_de_utilidad_publica_p__Exportar.pdf,2,1,0,TEXTO,MODIFICACION_PRC,ESCALAR,BAJA,"RESCATADO POR AUDITORIA: Texto completo extraido con pdftotext confirma que es un Decreto real que 'establece dejar sin efecto la restitucion de las Declaratorias de Utilidad Publica' de tres vias especificas del PRC de Codegua, detallando anchos de ensanche (15 metros) y tramos exactos. Es un acto que modifica la aplicacion del PRC sobre predios concretos, no un mero tramite derogatorio vacio de contenido. [descarte previo: Decreto que deja sin efecto la restitucion de declaratorias de utilidad publica derivada de una ley; acto administrativo sin normas urbanisticas propias.]",TEXTO,Ordenanzas Descargadas\1-600\codegua_19_establece_dejar_sin_efecto_restitucion_de_declaratorias_de_utilidad_publica_p__Exportar.pdf | Ordenanzas ordenadas\OCR ok\codegua_19_establece_dejar_sin_efecto_restitucion_de_declaratorias_de_utilidad_publica_p__Exportar.pdf | descargas\codegua\diario_oficial\19_establece_dejar_sin_efecto_restitucion_de_declaratorias_de_utilidad_publica_p__Exportar.pdf
concepcion,decreto_alcaldicio_268_posterga_selectivamente_el_otorgamiento_de_permisos_de_ed,Ordenanzas Descargadas\1-600\concepcion_decreto_alcaldicio_268_posterga_selectivamente_el_otorgamiento_de_permisos_de_ed__effdfef0-e557-497b-aa0a-d68df1cb0a00.pdf,concepcion_decreto_alcaldicio_268_posterga_selectivamente_el_otorgamiento_de_permisos_de_ed__effdfef0-e557-497b-aa0a-d68df1cb0a00.pdf,1,0,1,ESCANEADO,MODIFICACION_PRC,ESCALAR,BAJA,"RESCATADO POR AUDITORIA: Documento ESCANEADO sin capa de texto; el descarte se baso solo en el titulo, cayendo en la trampa. Se renderizo la imagen y se leyo manualmente: el Decreto 268/2021 de Concepcion posterga permisos de edificacion que superen 'la norma de altura de edificacion que se establecio como maxima en cada poligono' segun el plano AU-15 MOD 1/2020, y posterga permisos en nuevas zonas declaradas de utilidad publica para parque comunal graficadas en el mismo plano. Contiene referencias normativas concretas ligadas a la 15a Modificacion del PRC vigente en ese momento. [descarte previo: Decreto 268 posterga selectivamente el otorgamiento de permisos de edificacion; acto temporal administrativo, sin normas urbanisticas nuevas.]",NOMBRE,Ordenanzas Descargadas\1-600\concepcion_decreto_alcaldicio_268_posterga_selectivamente_el_otorgamiento_de_permisos_de_ed__effdfef0-e557-497b-aa0a-d68df1cb0a00.pdf | descargas\concepcion\busqueda_global\decreto_alcaldicio_268_posterga_selectivamente_el_otorgamiento_de_permisos_de_ed__effdfef0-e557-497b-aa0a-d68df1cb0a00.pdf
curacautin,apruebese_la_ordenanza_de_prevencion_y_gestion_de_riesgos_comunales_productos_d,Ordenanzas ordenadas\curacautin__apruebese_la_ordenanza_de_prevencion_y_gestion_de_riesgos_comunales_productos_d__Ordenanza Decreto Incendios Forestales.pdf,curacautin__apruebese_la_ordenanza_de_prevencion_y_gestion_de_riesgos_comunales_productos_d__Ordenanza Decreto Incendios Forestales.pdf,32,0,32,ESCANEADO,INDETERMINADO,ESCALAR,BAJA,"RESCATADO POR AUDITORIA: ESCANEADO, 32 paginas, sin capa de texto verificable (pdftotext devolvio 0 caracteres). El descarte se apoya solo en el titulo 'prevencion y gestion de riesgos por incendios forestales, materia ajena al PRC', pero este topico NO esta en la lista de materias claramente ajenas (aseo, transito, becas, derechos, patentes) y las ordenanzas de gestion de riesgos frecuentemente delimitan areas de riesgo que son justamente un tipo de zona normada por la OGUC/PRC (art. 2.1.17). Con 32 paginas y cero visibilidad de contenido, no se puede descartar con certeza que contenga cartografia o delimitacion de areas de riesgo. Rescatar para OCR/revision humana. [descarte previo: ordenanza de prevencion y gestion de riesgos comunales por incendios forestales, materia ajena al PRC]",NOMBRE,Ordenanzas Descargadas\1-600\curacautin__apruebese_la_ordenanza_de_prevencion_y_gestion_de_riesgos_comunales_productos_d__Ordenanza Decreto Incendios Forestales.pdf | Ordenanzas ordenadas\curacautin__apruebese_la_ordenanza_de_prevencion_y_gestion_de_riesgos_comunales_productos_d__Ordenanza Decreto Incendios Forestales.pdf | descargas\curacautin\ordenanzas_vigentes\_apruebese_la_ordenanza_de_prevencion_y_gestion_de_riesgos_comunales_productos_d__Ordenanza Decreto Incendios Forestales.pdf
curacautin,la_presente_ordenanza_tiene_por_objeto_conservar_educar_y_regular_las_acciones,Ordenanzas Descargadas\1-600\curacautin__la_presente_ordenanza_tiene_por_objeto_conservar_educar_y_regular_las_acciones___ordenanza_de_medio_ambiente_y_proteccion_de_la_biodiversidad.pdf,curacautin__la_presente_ordenanza_tiene_por_objeto_conservar_educar_y_regular_las_acciones___ordenanza_de_medio_ambiente_y_proteccion_de_la_biodiversidad.pdf,33,0,33,ESCANEADO,INDETERMINADO,ESCALAR,BAJA,"RESCATADO POR AUDITORIA: ESCANEADO, 33 paginas, sin capa de texto (pdftotext confirma 0 caracteres). Se descarto como 'medio ambiente y biodiversidad, ajeno al PRC', pero este tema tampoco esta en la lista de materias obviamente ajenas, y las ordenanzas ambientales locales a veces delimitan areas de proteccion ecologica que son zonas del PRC. Documento largo (33p) y completamente opaco: no hay como verificar el contenido real. Rescatar para revision/OCR antes de descartar en firme. [descarte previo: ordenanza de medio ambiente y proteccion de la biodiversidad, materia ajena al PRC]",NOMBRE,Ordenanzas Descargadas\1-600\curacautin__la_presente_ordenanza_tiene_por_objeto_conservar_educar_y_regular_las_acciones___ordenanza_de_medio_ambiente_y_proteccion_de_la_biodiversidad.pdf | descargas\curacautin\ordenanzas_vigentes\_la_presente_ordenanza_tiene_por_objeto_conservar_educar_y_regular_las_acciones___ordenanza_de_medio_ambiente_y_proteccion_de_la_biodiversidad.pdf
florida,741_deja_sin_efecto_declaratorias_de_utilidad_publica_establecidas_en_el_art_36o,Ordenanzas ordenadas\OCR ok\florida_741_deja_sin_efecto_declaratorias_de_utilidad_publica_establecidas_en_el_art_36o__Publicacion02.pdf,florida_741_deja_sin_efecto_declaratorias_de_utilidad_publica_establecidas_en_el_art_36o__Publicacion02.pdf,2,2,0,TEXTO,MODIFICACION_PRC,ESCALAR,BAJA,"RESCATADO POR AUDITORIA: Extraje el texto completo: el Decreto Alcaldicio N741 real de Florida (9-abr-2015) dice textualmente 'Eliminese la siguiente nomina de Declaratorias de Utilidad Publica establecidas en el Art. 36 de la Ordenanza del Plan Regulador Comunal de Florida'. Esto SI modifica el articulado de la Ordenanza PRC de Florida (elimina afectaciones de utilidad publica listadas en el Art.36). Ademas es un caso de 'comuna ajena': la misma pagina del Diario Oficial mezcla decretos de Santa Cruz, Florida y Osorno, y las senales normativas (ZE-1) detectadas pertenecen en parte al decreto de Santa Cruz, no al de Florida — el analista se confundio con el contenido mezclado y no vio el decreto 741 real de Florida que si modifica su Ordenanza. [descarte previo: Decreto deja sin efecto declaratorias de utilidad publica (afectaciones a circulaciones/parques), no crea ni modifica normas urbanisticas.]",TEXTO,Ordenanzas Descargadas\1-600\florida_741_deja_sin_efecto_declaratorias_de_utilidad_publica_establecidas_en_el_art_36o__Publicacion02.pdf | Ordenanzas ordenadas\OCR ok\florida_741_deja_sin_efecto_declaratorias_de_utilidad_publica_establecidas_en_el_art_36o__Publicacion02.pdf | descargas\florida\diario_oficial\741_deja_sin_efecto_declaratorias_de_utilidad_publica_establecidas_en_el_art_36o__Publicacion02.pdf
gorbea,decreto_660_aprueba_el_termino_del_proceso_de_evalacion_ambiental_estrategica_de,Ordenanzas ordenadas\gorbea_decreto_660_aprueba_el_termino_del_proceso_de_evalacion_ambiental_estrategica_de__660.pdf,gorbea_decreto_660_aprueba_el_termino_del_proceso_de_evalacion_ambiental_estrategica_de__660.pdf,5,0,5,ESCANEADO,INDETERMINADO,ESCALAR,BAJA,"RESCATADO POR AUDITORIA: ESCANEADO confirmado sin capa de texto (pdftotext vacio) en 5 paginas. El motivo del descarte es una inferencia categorica ('termino de EAE = sin normas') que no corresponde exactamente a ninguna de las 4 categorias explicitas de descarte obvio (no es 'inicio de proceso' sino 'termino', no es licitacion, no es consulta ciudadana ni materia ajena). Con 5 paginas y cero verificacion posible, no es indiscutible; se rescata para revision con OCR. [descarte previo: Decreto aprueba el termino del proceso de Evaluacion Ambiental Estrategica; acto procedimental previo a la aprobacion del PRC, sin normas propias.]",NOMBRE,Ordenanzas Descargadas\1-600\gorbea_decreto_660_aprueba_el_termino_del_proceso_de_evalacion_ambiental_estrategica_de__660.pdf | Ordenanzas ordenadas\gorbea_decreto_660_aprueba_el_termino_del_proceso_de_evalacion_ambiental_estrategica_de__660.pdf | descargas\gorbea\busqueda_global\decreto_660_aprueba_el_termino_del_proceso_de_evalacion_ambiental_estrategica_de__660.pdf
huechuraba,20791_deja_sin_efecto_la_declaratoria_de_utilidad_publica_de_los_terrenos_que_in,Ordenanzas ordenadas\huechuraba_20791_deja_sin_efecto_la_declaratoria_de_utilidad_publica_de_los_terrenos_que_in__20791.pdf,huechuraba_20791_deja_sin_efecto_la_declaratoria_de_utilidad_publica_de_los_terrenos_que_in__20791.pdf,2,0,2,ESCANEADO,MODIFICACION_PRC,ESCALAR,BAJA,"RESCATADO POR AUDITORIA: ESCANEADO confirmado, cero texto extraible. El titulo ('deja sin efecto la declaratoria de utilidad publica de los terrenos que in[dica]') sigue el MISMO patron que d0622 (Florida, decreto 741) y d0644 (La Florida, decreto 1280), ambos verificados en este lote como actos que SI modifican el articulado/nomina de la Ordenanza PRC o desafectan terrenos otorgandoles 'las normas urbanisticas aplicables' (ver decreto de Osorno citado en d0622: 'se les otorga a los terrenos las normas urbanisticas aplicables'). Dado que este patron de decretos Ley-20.791 resulto tener contenido normativo real en 2 de 2 casos verificables del mismo lote, y este es ESCANEADO sin forma de comprobar lo contrario, se rescata por precaucion. [descarte previo: Deja sin efecto una declaratoria de utilidad publica previa; acto administrativo sin normas urbanisticas propias]",NOMBRE,Ordenanzas Descargadas\1-600\huechuraba_20791_deja_sin_efecto_la_declaratoria_de_utilidad_publica_de_los_terrenos_que_in__20791.pdf | Ordenanzas ordenadas\huechuraba_20791_deja_sin_efecto_la_declaratoria_de_utilidad_publica_de_los_terrenos_que_in__20791.pdf | descargas\huechuraba\diario_oficial\20791_deja_sin_efecto_la_declaratoria_de_utilidad_publica_de_los_terrenos_que_in__20791.pdf
la_cisterna,decreto_5327_rechacese_observaciones_al_analisis_de_la_modificacion_plan_regulad,Ordenanzas Descargadas\1-600\la_cisterna_decreto_5327_rechacese_observaciones_al_analisis_de_la_modificacion_plan_regulad__DEC5327.pdf,la_cisterna_decreto_5327_rechacese_observaciones_al_analisis_de_la_modificacion_plan_regulad__DEC5327.pdf,1,0,1,ESCANEADO,INDETERMINADO,ESCALAR,BAJA,"RESCATADO POR AUDITORIA: ESCANEADO sin texto verificable. 'Rechacese observaciones al analisis de la modificacion' es una resolucion de observaciones ciudadanas EN MEDIO del proceso de aprobacion, no una convocatoria ni un inicio de proceso — no encaja limpiamente en ninguna de las 4 categorias explicitas de descarte obvio. Este tipo de decreto a veces reafirma o cita los parametros especificos de la modificacion que fueron objetados/mantenidos. Sin poder verificar el texto, se rescata por precaucion. [descarte previo: Rechaza observaciones ciudadanas al analisis de una modificacion en tramite: paso procedimental de la consulta publica, sin normas propias]",NOMBRE,Ordenanzas Descargadas\1-600\la_cisterna_decreto_5327_rechacese_observaciones_al_analisis_de_la_modificacion_plan_regulad__DEC5327.pdf | descargas\la_cisterna\busqueda_global\decreto_5327_rechacese_observaciones_al_analisis_de_la_modificacion_plan_regulad__DEC5327.pdf
la_florida,1280_revoca_declaratorias_de_utilidad_publica_de_las_nuevas_afectaciones_de_acue,Ordenanzas ordenadas\OCR ok\la_florida_1280_revoca_declaratorias_de_utilidad_publica_de_las_nuevas_afectaciones_de_acue__Exportar.pdf,la_florida_1280_revoca_declaratorias_de_utilidad_publica_de_las_nuevas_afectaciones_de_acue__Exportar.pdf,4,3,1,MIXTO,MODIFICACION_PRC,ESCALAR,BAJA,"RESCATADO POR AUDITORIA: Extraje el texto completo (4 paginas, fuente LeyChile/BCN): confirma la trampa que el propio analista ya habia detectado — el listado de vias/terrenos revocados de utilidad publica ('segun listado que a continuacion se detalla:') es una tabla oculta como imagen (patron documentado en la memoria del proyecto: 'Trampa LeyChile: tablas como imagen'). El decreto SI revoca declaratorias de utilidad publica de 'nuevas afectaciones' del PRC vigente de La Florida en virtud del art. 59 LGUC y la ley 20.791, lo cual modifica la aplicacion normativa a esos terrenos (quedan liberados de la afectacion). Contenido normativo real oculto tras la tabla-imagen; se rescata. [descarte previo: Decreto 1280 Exento de La Florida (2015) que 'revoca declaratorias de utilidad publica de las nuevas afectaciones' de vialidad/plazas/parques del PRC vigente, en el marco de la Ley 20.791 sobre caducidad de declaratorias de utilidad publica. Es un acto de desafectacion (equivalente a 'deja sin efecto'), no fija ni modifica coeficientes, alturas, densidades ni usos de suelo. El texto corta en 'segun listado que a continuacion se detalla:' seguido de un punto solitario -patron de tabla oculta como imagen (ver nota de memoria sobre trampa LeyChile)-, por lo que el listado especifico de calles/predios desafectados podria estar en paginas no muestreadas (3-4) como imagen; no se pudo verificar su contenido.]",VISUAL,Ordenanzas Descargadas\1-600\la_florida_1280_revoca_declaratorias_de_utilidad_publica_de_las_nuevas_afectaciones_de_acue__Exportar.pdf | Ordenanzas ordenadas\OCR ok\la_florida_1280_revoca_declaratorias_de_utilidad_publica_de_las_nuevas_afectaciones_de_acue__Exportar.pdf | descargas\la_florida\diario_oficial\1280_revoca_declaratorias_de_utilidad_publica_de_las_nuevas_afectaciones_de_acue__Exportar.pdf
la_granja,01_plano_regulador_comunal_de_1951,Ordenanzas Descargadas\1-600\la_granja_01_plano_regulador_comunal_de_1951__d70c648f-fcff-40ac-959d-201d4b183dfb.pdf,la_granja_01_plano_regulador_comunal_de_1951__d70c648f-fcff-40ac-959d-201d4b183dfb.pdf,1,0,1,ESCANEADO,INDETERMINADO,ESCALAR,MEDIA,"Es fundamentalmente un plano gráfico, pero su leyenda de zonificación incluye superficie predial mínima por zona (250 a 10.000 m²), que es uno de los parámetros normativos urbanísticos explícitamente buscados, por lo que no encaja limpiamente en PLANO_LAMINA (definido como 'sin cuadro normativo'). Es un documento de 1951, posiblemente histórico y superado por PRC posteriores, y no se ve ordenanza articulada asociada (solo hay 1 página en el índice). Ante la duda se escala.",VISUAL,Ordenanzas Descargadas\1-600\la_granja_01_plano_regulador_comunal_de_1951__d70c648f-fcff-40ac-959d-201d4b183dfb.pdf | descargas\la_granja\busqueda_global\01_plano_regulador_comunal_de_1951__d70c648f-fcff-40ac-959d-201d4b183dfb.pdf
la_serena,5_ordenanza_municipal_n_5,Ordenanzas ordenadas\la_serena_5_ordenanza_municipal_n_5__doc_34_5_13122022045743.pdf,la_serena_5_ordenanza_municipal_n_5__doc_34_5_13122022045743.pdf,7,0,7,ESCANEADO,INDETERMINADO,ESCALAR,BAJA,"RESCATADO POR AUDITORIA: Ordenanza N.5 sobre cierre/control de acceso (rejas-porton) en calles y pasajes por seguridad, al amparo del Art.62 LGUC (Ley 20.499). Este tipo de ordenanzas suele fijar exigencias tecnicas de las rejas (altura maxima, porcentaje de transparencia, materiales, distanciamientos), que son normas fisicas sobre el espacio publico con potencial componente urbanistico. Como es ESCANEADO sin capa de texto, el descarte se apoyo solo en el titulo/resumen; dado el costo asimetrico de un falso descarte, conviene revision humana antes de excluir definitivamente. [descarte previo: Ordenanza N.5 regula el cierre o implementacion de medidas de control de acceso (rejas/porton) en calles, pasajes o conjuntos habitacionales por motivos de seguridad. Es una ordenanza de seguridad vecinal, no de edificacion ni zonificacion del PRC.]",VISUAL,Ordenanzas Descargadas\1-600\la_serena_5_ordenanza_municipal_n_5__doc_34_5_13122022045743.pdf | Ordenanzas ordenadas\la_serena_5_ordenanza_municipal_n_5__doc_34_5_13122022045743.pdf | descargas\la_serena\ordenanzas_vigentes\5_ordenanza_municipal_n_5__doc_34_5_13122022045743.pdf
la_serena,69801_ordenanza_municipal_sobre_la_construccion_mantencion_y_fomento_de_las_area,Ordenanzas ordenadas\la_serena_69801_ordenanza_municipal_sobre_la_construccion_mantencion_y_fomento_de_las_area__doc_34_698_01_25102023044110.pdf,la_serena_69801_ordenanza_municipal_sobre_la_construccion_mantencion_y_fomento_de_las_area__doc_34_698_01_25102023044110.pdf,22,0,22,ESCANEADO,INDETERMINADO,ESCALAR,BAJA,"RESCATADO POR AUDITORIA: Ordenanza sobre construccion, mantencion y fomento de areas verdes (22 pag., sustancial). Este tipo de ordenanzas frecuentemente fija estandares de urbanizacion para areas verdes en loteos/subdivisiones (superficie minima, especies, equipamiento), lo que roza normas de urbanizacion ligadas al PRC. Al ser ESCANEADO sin capa de texto, no se pudo verificar contenido real mas alla del titulo; se sugiere revision humana antes de descartar. [descarte previo: Ordenanza sobre construccion, mantencion y fomento de areas verdes: regula parques/ornato, no fija coeficientes ni usos de suelo del PRC.]",NOMBRE,Ordenanzas Descargadas\1-600\la_serena_69801_ordenanza_municipal_sobre_la_construccion_mantencion_y_fomento_de_las_area__doc_34_698_01_25102023044110.pdf | Ordenanzas ordenadas\la_serena_69801_ordenanza_municipal_sobre_la_construccion_mantencion_y_fomento_de_las_area__doc_34_698_01_25102023044110.pdf | descargas\la_serena\ordenanzas_vigentes\69801_ordenanza_municipal_sobre_la_construccion_mantencion_y_fomento_de_las_area__doc_34_698_01_25102023044110.pdf
la_serena,6_ordenanza_de_proteccion_de_humedal_urbano_desembocadura_rio_elqui_altovalsol_d,Ordenanzas Descargadas\1-600\la_serena_6_ordenanza_de_proteccion_de_humedal_urbano_desembocadura_rio_elqui_altovalsol_d__doc_34_6_28072023035431.pdf,la_serena_6_ordenanza_de_proteccion_de_humedal_urbano_desembocadura_rio_elqui_altovalsol_d__doc_34_6_28072023035431.pdf,6,0,6,ESCANEADO,OTRO_TEMA_MUNICIPAL,ESCALAR,MEDIA,"Es una ordenanza ambiental de protección de un humedal urbano, dictada en base a la Ley N°19.300 y Ley N°21.202 (no es una modificación del PRC). Sin embargo, este tipo de ordenanzas suele definir una zona de protección con usos de suelo/construcción restringidos o prohibidos dentro de sus límites -lo cual sí calzaría en la lista de normas urbanísticas buscadas (usos de suelo permitidos/prohibidos, zonas)-, pero esto no se puede confirmar con las 2 páginas vistas de un total de 6 (faltan los artículos posteriores al Art. 4, que podrían contener esas restricciones). Se escala por la duda razonable, siguiendo la regla de oro.",VISUAL,Ordenanzas Descargadas\1-600\la_serena_6_ordenanza_de_proteccion_de_humedal_urbano_desembocadura_rio_elqui_altovalsol_d__doc_34_6_28072023035431.pdf | descargas\la_serena\ordenanzas_vigentes\6_ordenanza_de_proteccion_de_humedal_urbano_desembocadura_rio_elqui_altovalsol_d__doc_34_6_28072023035431.pdf
la_serena,929_cierre_de_calles_pasajes_o_conjuntos_habitacionales_urbanos_o_rurales_por_mo,Ordenanzas ordenadas\la_serena_929_cierre_de_calles_pasajes_o_conjuntos_habitacionales_urbanos_o_rurales_por_mo__doc_34_929_02042015121535.pdf,la_serena_929_cierre_de_calles_pasajes_o_conjuntos_habitacionales_urbanos_o_rurales_por_mo__doc_34_929_02042015121535.pdf,6,0,6,ESCANEADO,INDETERMINADO,ESCALAR,BAJA,"RESCATADO POR AUDITORIA: Mismo tema que d1090 (cierre de calles, pasajes o conjuntos habitacionales por motivos de seguridad, Art.62 LGUC/Ley 20.499). Puede contener especificaciones tecnicas de rejas/portones (altura, transparencia, materiales) con componente urbanistico. Sin capa de texto para confirmar; se sugiere revision humana en vez de descarte definitivo. [descarte previo: Ordenanza sobre cierre de calles, pasajes o conjuntos habitacionales por motivos de seguridad: regula circulacion/seguridad vecinal, no coeficientes ni zonificacion.]",NOMBRE,Ordenanzas Descargadas\1-600\la_serena_929_cierre_de_calles_pasajes_o_conjuntos_habitacionales_urbanos_o_rurales_por_mo__doc_34_929_02042015121535.pdf | Ordenanzas ordenadas\la_serena_929_cierre_de_calles_pasajes_o_conjuntos_habitacionales_urbanos_o_rurales_por_mo__doc_34_929_02042015121535.pdf | descargas\la_serena\ordenanzas_vigentes\929_cierre_de_calles_pasajes_o_conjuntos_habitacionales_urbanos_o_rurales_por_mo__doc_34_929_02042015121535.pdf
la_serena,doc_65,descargas\la_serena\proactiva_externa\doc_65__28122020121109.pdf,doc_65__28122020121109.pdf,364,364,0,TEXTO,INDETERMINADO,ESCALAR,MEDIA,"Documento muy extenso (364 paginas, capa de texto real) tambien de La Serena, mismo nombre base 'doc_65' que d1320 (posible mismo tramite/anexo del sector Centro Historico). Las dos paginas muestreadas (p1 y p127) son 'FICHAS DE VALOR INMUEBLE DE VALOR HISTORICO' -- catalogo de inmuebles de conservacion historica (ICH_01, ICH_64) con foto, plano de ubicacion y evaluacion patrimonial, pero SIN coeficientes, alturas ni usos de suelo en las paginas vistas. La designacion de Inmuebles de Conservacion Historica es materia normativa del PRC (protege inmuebles de demolicion/alteracion), por lo que este catalogo probablemente es el anexo tecnico de una ordenanza/modificacion del PRC de La Serena para la Zona/Centro Historico -- pero no se pudo confirmar en las 2 paginas revisadas si el documento incluye el decreto de aprobacion o el articulado normativo que le da caracter de acto aprobado (podria ser solo el estudio/soporte tecnico, no el acto normativo en si). Ante la duda se escala en vez de descartar.",VISUAL,descargas\la_serena\proactiva_externa\doc_65__06122023020519.pdf | descargas\la_serena\proactiva_externa\doc_65__06122023020610.pdf | descargas\la_serena\proactiva_externa\doc_65__06122023020759.pdf | descargas\la_serena\proactiva_externa\doc_65__06122023020838.pdf | descargas\la_serena\proactiva_externa\doc_65__06122023020958.pdf | descargas\la_serena\proactiva_externa\doc_65__06122023021046.pdf | descargas\la_serena\proactiva_externa\doc_65__06122023021358.pdf | descargas\la_serena\proactiva_externa\doc_65__06122023021500.pdf | descargas\la_serena\proactiva_externa\doc_65__06122023022217.pdf | descargas\la_serena\proactiva_externa\doc_65__06122023022554.pdf | descargas\la_serena\proactiva_externa\doc_65__06122023022644.pdf | descargas\la_serena\proactiva_externa\doc_65__06122023022735.pdf | descargas\la_serena\proactiva_externa\doc_65__06122023022903.pdf | descargas\la_serena\proactiva_externa\doc_65__19122020010433.pdf | descargas\la_serena\proactiva_externa\doc_65__19122020010603.pdf | descargas\la_serena\proactiva_externa\doc_65__19122020011213.pdf | descargas\la_serena\proactiva_externa\doc_65__19122020124144.pdf | descargas\la_serena\proactiva_externa\doc_65__21122020091456.pdf | descargas\la_serena\proactiva_externa\doc_65__21122020091742.pdf | descargas\la_serena\proactiva_externa\doc_65__21122020091811.pdf | descargas\la_serena\proactiva_externa\doc_65__21122020091840.pdf | descargas\la_serena\proactiva_externa\doc_65__21122020091903.pdf | descargas\la_serena\proactiva_externa\doc_65__21122020091939.pdf | descargas\la_serena\proactiva_externa\doc_65__28102025123705.pdf | descargas\la_serena\proactiva_externa\doc_65__28102025123730.pdf | descargas\la_serena\proactiva_externa\doc_65__28102025123756.pdf | descargas\la_serena\proactiva_externa\doc_65__28102025123823.pdf | descargas\la_serena\proactiva_externa\doc_65__28102025123857.pdf | descargas\la_serena\proactiva_externa\doc_65__28102025123923.pdf | descargas\la_serena\proactiva_externa\doc_65__28102025123949.pdf | descargas\la_serena\proactiva_externa\doc_65__28102025124013.pdf | descargas\la_serena\proactiva_externa\doc_65__28102025124039.pdf | descargas\la_serena\proactiva_externa\doc_65__28102025124105.pdf | descargas\la_serena\proactiva_externa\doc_65__28102025124128.pdf | descargas\la_serena\proactiva_externa\doc_65__28122020120551.pdf | descargas\la_serena\proactiva_externa\doc_65__28122020120705.pdf | descargas\la_serena\proactiva_externa\doc_65__28122020120935.pdf | descargas\la_serena\proactiva_externa\doc_65__28122020121044.pdf | descargas\la_serena\proactiva_externa\doc_65__28122020121109.pdf | descargas\la_serena\proactiva_externa\doc_65__28122020121430.pdf | descargas\la_serena\proactiva_externa\doc_65__28122020121719.pdf | descargas\la_serena\proactiva_externa\doc_65__28122020121758.pdf
lago_ranco,2_aprueba_plano_regulador_seccional_ignao_plano_y_ordenanza_de_la_comuna_de_lago,Ordenanzas Descargadas\600-1200\lago_ranco_2_aprueba_plano_regulador_seccional_ignao_plano_y_ordenanza_de_la_comuna_de_lago__485d582f-2af8-4bb5-baca-1f388863e420.pdf,lago_ranco_2_aprueba_plano_regulador_seccional_ignao_plano_y_ordenanza_de_la_comuna_de_lago__485d582f-2af8-4bb5-baca-1f388863e420.pdf,1,0,0,VACIO,INDETERMINADO,ESCALAR,BAJA,"Es el plano del Plan Seccional Localidad de Ignao (Lago Ranco), con zonas delimitadas (ZU-1, ZU-2, ZEx-1, ZEx-2, ZE-1, ZR-3, ZR-4, ZR-5) y bloques de aprobacion municipal/regional/intendencia, pero solo tiene leyenda de categorias de zona (simbologia normativa), sin cuadro numerico de coeficientes o alturas visible. El nombre de archivo sugiere que el decreto original aprobo 'plano Y ordenanza' pero este PDF de 1 pagina solo contiene el plano; no se puede confirmar si la ordenanza con los parametros numericos existe en otro documento del corpus.",VISUAL,Ordenanzas Descargadas\600-1200\lago_ranco_2_aprueba_plano_regulador_seccional_ignao_plano_y_ordenanza_de_la_comuna_de_lago__485d582f-2af8-4bb5-baca-1f388863e420.pdf | descargas\lago_ranco\busqueda_global\2_aprueba_plano_regulador_seccional_ignao_plano_y_ordenanza_de_la_comuna_de_lago__485d582f-2af8-4bb5-baca-1f388863e420.pdf
las_condes,13_46e_informe_ambiental_sep2019,Ordenanzas ordenadas\OCR ok\las_condes_13.-46e-INFORME-AMBIENTAL-SEP2019.pdf,las_condes_13.-46e-INFORME-AMBIENTAL-SEP2019.pdf,77,76,0,TEXTO,INDETERMINADO,ESCALAR,MEDIA,"Es un Informe Ambiental (Evaluacion Ambiental Estrategica) de la Modificacion N10 del Plan Regulador Comunal de Las Condes (2019), documento de acompanamiento tecnico-ambiental, no la ordenanza ni el decreto de promulgacion. En la pagina muestreada si aparece un dato normativo concreto (reduccion de densidad bruta maxima permitida de 800 hab/ha a 500 hab/ha), pero el resto del contenido visto es narrativo (politica energetica, participacion ciudadana) mas que un cuadro normativo completo por zonas. Documento de 77 paginas: no es posible descartar que contenga mas normas en secciones no muestreadas ni confirmar que sea la fuente primaria de las normas de la Modificacion N10 (que probablemente esten en la Ordenanza/Memoria separada). Se escala por la naturaleza hibrida del documento (informe ambiental con contenido normativo parcial).",VISUAL,Ordenanzas Descargadas\600-1200\las_condes_13.-46e-INFORME-AMBIENTAL-SEP2019.pdf | Ordenanzas ordenadas\OCR ok\las_condes_13.-46e-INFORME-AMBIENTAL-SEP2019.pdf | descargas\las_condes\proactiva_externa\13.-46e-INFORME-AMBIENTAL-SEP2019.pdf
las_condes,2021_oficio_au_n4_del_21_10_21_modif_n11_a_prc,Ordenanzas ordenadas\las_condes_2021-Oficio-AU-N4-del-21.10.21-Modif-N11-a-PRC.-.pdf,las_condes_2021-Oficio-AU-N4-del-21.10.21-Modif-N11-a-PRC.-.pdf,6,0,6,ESCANEADO,MODIFICACION_PRC,ESCALAR,BAJA,"RESCATADO POR AUDITORIA: ESCANEADO sin texto extraído (verificado con pdftotext: 0 caracteres). El descarte se basó solo en el título y en analogía con otros oficios; nunca se leyó el contenido. 6 páginas de un Oficio de Asesoría Urbana sobre la Modificación N11 pueden incluir la memoria de los cambios normativos propuestos. Requiere OCR antes de descartar. [descarte previo: Oficio de Asesoría Urbana de 6 páginas sobre Modificación N°11 al PRC; por su brevedad es correspondencia de trámite, no el cuerpo normativo (patrón de oficios Alc.N14 confirmado como trámite en d1124/d1125 de la misma comuna).]",NOMBRE,Ordenanzas Descargadas\600-1200\las_condes_2021-Oficio-AU-N4-del-21.10.21-Modif-N11-a-PRC.-.pdf | Ordenanzas ordenadas\las_condes_2021-Oficio-AU-N4-del-21.10.21-Modif-N11-a-PRC.-.pdf | descargas\las_condes\proactiva_externa\2021-Oficio-AU-N4-del-21.10.21-Modif-N11-a-PRC.-.pdf
las_condes,2021_ord_alc_n14_365_modif_n11_al_prc,Ordenanzas ordenadas\las_condes_2021-Ord.-Alc.-N14-365-Modif.-N11-al-PRC.-.pdf,las_condes_2021-Ord.-Alc.-N14-365-Modif.-N11-al-PRC.-.pdf,3,0,3,ESCANEADO,MODIFICACION_PRC,ESCALAR,BAJA,"RESCATADO POR AUDITORIA: ESCANEADO, 0 texto extraído (confirmado con pdftotext). Es el oficio formal Alc.N14-365 que transmite la Modificación N11 al organismo competente; sus 3 páginas, nunca leídas, pueden resumir las normas modificadas. Descarte no verificado. [descarte previo: Oficio Alc.N14-365 de 3 páginas sobre Modificación N°11 al PRC; por su brevedad es correspondencia de trámite dentro del expediente, no la ordenanza misma.]",NOMBRE,Ordenanzas Descargadas\600-1200\las_condes_2021-Ord.-Alc.-N14-365-Modif.-N11-al-PRC.-.pdf | Ordenanzas ordenadas\las_condes_2021-Ord.-Alc.-N14-365-Modif.-N11-al-PRC.-.pdf | descargas\las_condes\proactiva_externa\2021-Ord.-Alc.-N14-365-Modif.-N11-al-PRC.-.pdf
las_condes,2_46d_viv_santa_zita_estudio_de_equipamiento_final_ene2021,Ordenanzas ordenadas\OCR ok\las_condes_2.-46d-VIV-SANTA-ZITA_ESTUDIO-DE-EQUIPAMIENTO-FINAL-ENE2021.pdf,las_condes_2.-46d-VIV-SANTA-ZITA_ESTUDIO-DE-EQUIPAMIENTO-FINAL-ENE2021.pdf,62,36,24,MIXTO,MODIFICACION_PRC,ESCALAR,BAJA,"RESCATADO POR AUDITORIA: TRAMPA MIXTO: 24 de 62 páginas son imagen y no fueron leídas. El texto sí legible muestra señales normativas fuertes (constructibilidad, agrupamiento, antejardín, distanciamiento, normas_urbanisticas x6, zona ZITA); el propio analista admite haber visto solo contenido descriptivo, pero no revisó las páginas escaneadas, que podrían contener las tablas de coeficientes propuestos. Debe reexaminarse con OCR completo. [descarte previo: Es un estudio técnico de respaldo (inventario de equipamiento comunal existente) para justificar una modificación del PRC en el sector Santa Zita, Las Condes; no es el decreto/ordenanza que aprueba normas, y el contenido visto es descriptivo (inventario de instalaciones), no prescriptivo (no hay coeficientes, alturas ni usos permitidos).]",VISUAL,Ordenanzas Descargadas\600-1200\las_condes_2.-46d-VIV-SANTA-ZITA_ESTUDIO-DE-EQUIPAMIENTO-FINAL-ENE2021.pdf | Ordenanzas ordenadas\OCR ok\las_condes_2.-46d-VIV-SANTA-ZITA_ESTUDIO-DE-EQUIPAMIENTO-FINAL-ENE2021.pdf | descargas\las_condes\proactiva_externa\2.-46d-VIV-SANTA-ZITA_ESTUDIO-DE-EQUIPAMIENTO-FINAL-ENE2021.pdf
las_condes,2_lam_1_edificacion_ee1_colegio_san_patricio,Ordenanzas ordenadas\OCR ok\las_condes_2_LAM._1_EDIFICACION_Ee1_COLEGIO_SAN_PATRICIO.pdf,las_condes_2_LAM._1_EDIFICACION_Ee1_COLEGIO_SAN_PATRICIO.pdf,1,1,0,TEXTO,PLANO_LAMINA,ESCALAR,BAJA,"RESCATADO POR AUDITORIA: Plano de rectificación con aprobación formal explícita en el propio texto: 'SANCIONADA POR DECRETO ALCALDICIO 966' (feb.2014). Redefine el límite del área Ee1 (Colegio San Patricio); un cambio de límite de zona modifica qué norma aplica a los predios afectados, no es mero gráfico de referencia sino el instrumento de una modificación aprobada. [descarte previo: Lamina grafica de rectificacion del plano de edificacion en torno al Colegio San Patricio, sin cuadro normativo de texto]",TEXTO,Ordenanzas Descargadas\600-1200\las_condes_2_LAM._1_EDIFICACION_Ee1_COLEGIO_SAN_PATRICIO.pdf | Ordenanzas ordenadas\OCR ok\las_condes_2_LAM._1_EDIFICACION_Ee1_COLEGIO_SAN_PATRICIO.pdf | descargas\las_condes\proactiva_externa\2_LAM._1_EDIFICACION_Ee1_COLEGIO_SAN_PATRICIO.pdf
las_condes,3_lam_edif_uee1_dipreca,Ordenanzas ordenadas\OCR ok\las_condes_3_LAM._EDIF_UEe1_DIPRECA.pdf,las_condes_3_LAM._EDIF_UEe1_DIPRECA.pdf,1,1,0,TEXTO,PLANO_LAMINA,ESCALAR,BAJA,"RESCATADO POR AUDITORIA: Mismo patrón que d0688: plano de rectificación de deslindes UEe1 DIPRECA con texto de aprobación 'SANCIONADA POR DECRETO ALCALDICIO 966'; redefine el área de una zona de uso de suelo, efecto normativo real, no solo gráfico. [descarte previo: Lamina grafica de rectificacion de deslindes del area de uso de suelo UEe1 DIPRECA, sin cuadro normativo]",TEXTO,Ordenanzas Descargadas\600-1200\las_condes_3_LAM._EDIF_UEe1_DIPRECA.pdf | Ordenanzas ordenadas\OCR ok\las_condes_3_LAM._EDIF_UEe1_DIPRECA.pdf | descargas\las_condes\proactiva_externa\3_LAM._EDIF_UEe1_DIPRECA.pdf
las_condes,3_plano_referencial_alturas_de_edificacion,Ordenanzas Descargadas\600-1200\las_condes_3-PLANO-REFERENCIAL-ALTURAS-DE-EDIFICACION.pdf,las_condes_3-PLANO-REFERENCIAL-ALTURAS-DE-EDIFICACION.pdf,1,0,1,ESCANEADO,PLANO_LAMINA,ESCALAR,BAJA,"RESCATADO POR AUDITORIA: ESCANEADO, 0 texto extraído, nunca fue OCRizado (ni siquiera está en la carpeta 'OCR ok'). El título 'PLANO REFERENCIAL DE ALTURAS DE EDIFICACION' apunta directamente a un parámetro urbanístico central. Se descartó sin haber leído un solo carácter del documento. [descarte previo: Plano referencial de alturas de edificacion; es un documento grafico de referencia, no trae articulado.]",NOMBRE,Ordenanzas Descargadas\600-1200\las_condes_3-PLANO-REFERENCIAL-ALTURAS-DE-EDIFICACION.pdf | descargas\las_condes\proactiva_externa\3-PLANO-REFERENCIAL-ALTURAS-DE-EDIFICACION.pdf
las_condes,4_lam_ee5_camino_otonal_n1218,Ordenanzas ordenadas\OCR ok\las_condes_4_LAM._Ee5_CAMINO_OTONAL_N1218.pdf,las_condes_4_LAM._Ee5_CAMINO_OTONAL_N1218.pdf,1,1,0,TEXTO,PLANO_LAMINA,ESCALAR,BAJA,"RESCATADO POR AUDITORIA: Mismo patrón que d0688/d0690: plano de rectificación del área Ee5 Camino Otoñal, con texto 'SANCIONADA POR DECRETO ALCALDICIO 966' y aprobación municipal formal explícita en el propio documento. [descarte previo: Lamina grafica de rectificacion del area de edificacion Ee5 Camino Otonal, sin texto normativo]",TEXTO,Ordenanzas Descargadas\600-1200\las_condes_4_LAM._Ee5_CAMINO_OTONAL_N1218.pdf | Ordenanzas ordenadas\OCR ok\las_condes_4_LAM._Ee5_CAMINO_OTONAL_N1218.pdf | descargas\las_condes\proactiva_externa\4_LAM._Ee5_CAMINO_OTONAL_N1218.pdf
las_condes,4_plano_referencial_de_densidad,Ordenanzas Descargadas\600-1200\las_condes_4-PLANO-REFERENCIAL-DE-DENSIDAD.pdf,las_condes_4-PLANO-REFERENCIAL-DE-DENSIDAD.pdf,1,0,1,ESCANEADO,PLANO_LAMINA,ESCALAR,BAJA,"RESCATADO POR AUDITORIA: Igual que d0350: ESCANEADO, 0 texto extraído, nunca OCRizado. El título 'PLANO REFERENCIAL DE DENSIDAD' apunta a un parámetro urbanístico central. Descartado sin lectura alguna del contenido. [descarte previo: Plano referencial de densidad; documento grafico de referencia, no trae articulado.]",NOMBRE,Ordenanzas Descargadas\600-1200\las_condes_4-PLANO-REFERENCIAL-DE-DENSIDAD.pdf | descargas\las_condes\proactiva_externa\4-PLANO-REFERENCIAL-DE-DENSIDAD.pdf
las_condes,5_lam_ee5_y_uee5_camino_otonal_n1218,Ordenanzas ordenadas\OCR ok\las_condes_5_LAM._Ee5_y_UEe5_CAMINO_OTONAL_N1218.pdf,las_condes_5_LAM._Ee5_y_UEe5_CAMINO_OTONAL_N1218.pdf,1,1,0,TEXTO,PLANO_LAMINA,ESCALAR,BAJA,"RESCATADO POR AUDITORIA: Plano de rectificación de áreas Ee5 y UEe5 Camino Otoñal, con el mismo texto de aprobación 'SANCIONADA POR DECRETO ALCALDICIO 966'; efecto normativo real sobre deslindes de zona, mismo patrón que d0688/d0690/d0691. [descarte previo: Lamina grafica de rectificacion de areas Ee5 y UEe5 Camino Otonal, sin texto normativo]",TEXTO,Ordenanzas Descargadas\600-1200\las_condes_5_LAM._Ee5_y_UEe5_CAMINO_OTONAL_N1218.pdf | Ordenanzas ordenadas\OCR ok\las_condes_5_LAM._Ee5_y_UEe5_CAMINO_OTONAL_N1218.pdf | descargas\las_condes\proactiva_externa\5_LAM._Ee5_y_UEe5_CAMINO_OTONAL_N1218.pdf
las_condes,6_lam_uso_de_suelo_colego_san_patricio,Ordenanzas ordenadas\OCR ok\las_condes_6_LAM._USO_DE_SUELO_COLEGO_SAN_PATRICIO.pdf,las_condes_6_LAM._USO_DE_SUELO_COLEGO_SAN_PATRICIO.pdf,1,1,0,TEXTO,PLANO_LAMINA,ESCALAR,BAJA,"RESCATADO POR AUDITORIA: Plano de uso de suelo en torno al Colegio San Patricio, con texto de aprobación 'SANCIONADA POR DECRETO ALCALDICIO 966'; redefine la zona UEe1 (uso de suelo permitido), efecto normativo real, no mero gráfico de referencia. [descarte previo: Lamina grafica del plano de uso de suelo en torno al Colegio San Patricio, sin cuadro normativo de texto]",TEXTO,Ordenanzas Descargadas\600-1200\las_condes_6_LAM._USO_DE_SUELO_COLEGO_SAN_PATRICIO.pdf | Ordenanzas ordenadas\OCR ok\las_condes_6_LAM._USO_DE_SUELO_COLEGO_SAN_PATRICIO.pdf | descargas\las_condes\proactiva_externa\6_LAM._USO_DE_SUELO_COLEGO_SAN_PATRICIO.pdf
las_condes,7_lam_uso_de_suelo_uee1_clinica_las_condes,Ordenanzas ordenadas\OCR ok\las_condes_7_LAM._USO_DE_SUELO_UEe1_CLINICA_LAS_CONDES.pdf,las_condes_7_LAM._USO_DE_SUELO_UEe1_CLINICA_LAS_CONDES.pdf,1,1,0,TEXTO,PLANO_LAMINA,ESCALAR,BAJA,"RESCATADO POR AUDITORIA: Plano de uso de suelo UEe1 Clínica Las Condes, con texto de aprobación 'SANCIONADA POR DECRETO ALCALDICIO 966'. Además exhibe valores numéricos (7.5/5/15 m) bajo 'CONDICION PARA PREDIOS' en zona UC2, que podrían ser parámetros de distanciamiento/antejardín: contenido potencialmente prescriptivo, no solo gráfico de deslindes. [descarte previo: Lamina grafica del plano de uso de suelo de la zona UEe1 Clinica Las Condes, con datos graficos de distancias pero sin articulado normativo]",TEXTO,Ordenanzas Descargadas\600-1200\las_condes_7_LAM._USO_DE_SUELO_UEe1_CLINICA_LAS_CONDES.pdf | Ordenanzas ordenadas\OCR ok\las_condes_7_LAM._USO_DE_SUELO_UEe1_CLINICA_LAS_CONDES.pdf | descargas\las_condes\proactiva_externa\7_LAM._USO_DE_SUELO_UEe1_CLINICA_LAS_CONDES.pdf
las_condes,8_lam_uso_de_suelo_um_clinica_san_carlos_de_apoq,Ordenanzas ordenadas\OCR ok\las_condes_8_LAM._USO_DE_SUELO_UM_CLINICA_SAN_CARLOS_DE_APOQ..pdf,las_condes_8_LAM._USO_DE_SUELO_UM_CLINICA_SAN_CARLOS_DE_APOQ..pdf,1,1,0,TEXTO,PLANO_LAMINA,ESCALAR,BAJA,"RESCATADO POR AUDITORIA: Plano de rectificación de límites de la zona UM 'Clínica San Carlos de Apoquindo', con texto de aprobación 'SANCIONADA POR DECRETO ALCALDICIO 966'; redefine el área de aplicación de una zona de uso de suelo (comercio/equipamiento metropolitano), efecto normativo real. [descarte previo: Lamina grafica de rectificacion de limites de la zona UM Clinica San Carlos de Apoquindo, sin cuadro normativo]",TEXTO,Ordenanzas Descargadas\600-1200\las_condes_8_LAM._USO_DE_SUELO_UM_CLINICA_SAN_CARLOS_DE_APOQ..pdf | Ordenanzas ordenadas\OCR ok\las_condes_8_LAM._USO_DE_SUELO_UM_CLINICA_SAN_CARLOS_DE_APOQ..pdf | descargas\las_condes\proactiva_externa\8_LAM._USO_DE_SUELO_UM_CLINICA_SAN_CARLOS_DE_APOQ..pdf
las_condes,decreto_955_30may1994,Ordenanzas ordenadas\las_condes_decreto.955.30may1994.pdf,las_condes_decreto.955.30may1994.pdf,3,0,3,ESCANEADO,INDETERMINADO,ESCALAR,BAJA,"El decreto aprueba y ratifica 'complementaciones y modificaciones a la MEMORIA' del Plan Regulador (no a la Ordenanza), dentro del proceso de adopcion del nuevo PRC de 1993-94. El contenido mostrado (capitulo de vialidad, calculo de densidad global de 145,27 hab/ha para justificar el proyecto) es mas bien analitico/justificativo que una norma vinculante por zona. No queda claro si esta memoria trae aparejada una norma de aplicacion directa o es solo texto explicativo; se prefiere escalar a descartar.",VISUAL,Ordenanzas Descargadas\600-1200\las_condes_decreto.955.30may1994.pdf | Ordenanzas ordenadas\las_condes_decreto.955.30may1994.pdf | descargas\las_condes\proactiva_externa\decreto.955.30may1994.pdf
las_condes,sesion_extraord_03_noviembre_2021,Ordenanzas ordenadas\OCR ok\las_condes_SESION-EXTRAORD.-03-NOVIEMBRE-2021.pdf,las_condes_SESION-EXTRAORD.-03-NOVIEMBRE-2021.pdf,19,19,0,TEXTO,MODIFICACION_PRC,ESCALAR,BAJA,"RESCATADO POR AUDITORIA: EL MOTIVO DEL DESCARTE ES FALSO. Extraje el texto completo: el punto 2 de la tabla de esta sesion COSOC se titula 'MODIFICACION N 11 DEL PLAN REGULADOR COMUNAL' y el Director de Asesoria Urbana expone en detalle el contenido de la modificacion vigente y en tramite: zonas de uso de suelo (UV, UC), zonas de baja/media/alta altura, split de densificacion 30%/70%, equipamientos, y los tres pilares de la Mod. N 11 (actualizacion imagen objetivo, PIIMEP, incentivos de norma urbanistica). El 'sin normas urbanisticas' del descarte no se sostiene: el documento SI contiene una exposicion sustantiva de las normas urbanisticas del PRC de Las Condes y su modificacion en curso. Debe revisarse para extraer este contenido aunque el acto formal de aprobacion no este aqui. [descarte previo: Acta de sesion extraordinaria del COSOC (consejo comunal de organizaciones civiles); sin normas urbanisticas, con senal de licitacion propia de tramite.]",TEXTO,Ordenanzas Descargadas\600-1200\las_condes_SESION-EXTRAORD.-03-NOVIEMBRE-2021.pdf | Ordenanzas ordenadas\OCR ok\las_condes_SESION-EXTRAORD.-03-NOVIEMBRE-2021.pdf | descargas\las_condes\proactiva_externa\SESION-EXTRAORD.-03-NOVIEMBRE-2021.pdf
lo_prado,estimados_me_gustaria_que_me_enviaran_la_ultima_version_del_plan_regulador_de_lo,Ordenanzas Descargadas\600-1200\lo_prado_estimados_me_gustaria_que_me_enviaran_la_ultima_version_del_plan_regulador_de_lo__7c6599d1-5289-4f1f-98ec-82887e1ce125.pdf,lo_prado_estimados_me_gustaria_que_me_enviaran_la_ultima_version_del_plan_regulador_de_lo__7c6599d1-5289-4f1f-98ec-82887e1ce125.pdf,39,0,39,ESCANEADO,ORDENANZA_PRC,ESCALAR,BAJA,"RESCATADO POR AUDITORIA: DESCARTE GRAVEMENTE ERRÓNEO. El nombre_documento parece una carta ciudadana pero el archivo (39 pág, marcado ESCANEADO) es en realidad la Ordenanza Local del PRC de Lo Prado: metadata interna 'Microsoft Word - ORDENANZA PRC NUEVO.doc - ordenanzaPlanRegulador.pdf'. Confirmé visualmente la página 5: 'CAPÍTULO II. DESCRIPCIÓN DEL LÍMITE URBANO', 'Artículo 6' con tabla completa de puntos/tramos del límite urbano y referencia a planos PRC-LP-01 y PRC-LP-02. Es el documento normativo íntegro de Lo Prado, no una solicitud. Rescatar con máxima prioridad y re-etiquetar. [descarte previo: El nombre es una solicitud ciudadana pidiendo la ultima version del plan regulador de Lo Prado, no el documento normativo mismo]",NOMBRE,Ordenanzas Descargadas\600-1200\lo_prado_estimados_me_gustaria_que_me_enviaran_la_ultima_version_del_plan_regulador_de_lo__7c6599d1-5289-4f1f-98ec-82887e1ce125.pdf | descargas\lo_prado\busqueda_global\estimados_me_gustaria_que_me_enviaran_la_ultima_version_del_plan_regulador_de_lo__7c6599d1-5289-4f1f-98ec-82887e1ce125.pdf
machali,informe_memoria_explicativa_plan_regulador_comunal_de_machali,Ordenanzas Descargadas\600-1200\machali_informe_memoria_explicativa_plan_regulador_comunal_de_machali__MEMORIA%20EXPLICATIVA%20PLAN%20REGULADOR.pdf,machali_informe_memoria_explicativa_plan_regulador_comunal_de_machali__MEMORIA%20EXPLICATIVA%20PLAN%20REGULADOR.pdf,107,0,107,ESCANEADO,INDETERMINADO,ESCALAR,MEDIA,"El documento se titula 'Informe Memoria Explicativa', que típicamente es el estudio técnico/diagnóstico y de justificación que acompaña al PRC, distinto de la Ordenanza Local (documento vinculante que fija las normas de edificación por zona). Las dos páginas revisadas (portada casi en blanco y una tabla de proyección de equipamiento comunitario, sin coeficientes de constructibilidad/ocupación/altura) no muestran normas urbanísticas de edificación. Sin embargo, es un documento extenso (107 páginas) del cual solo se vieron 2, por lo que no se puede descartar que en capítulos posteriores (propuesta/imagen objetivo) incluya el cuadro normativo de zonas propuesto para Machalí. Se escala por precaución dado el alto volumen no revisado y el riesgo de dejar una comuna sin normas por descarte erróneo.",VISUAL,Ordenanzas Descargadas\600-1200\machali_informe_memoria_explicativa_plan_regulador_comunal_de_machali__MEMORIA%20EXPLICATIVA%20PLAN%20REGULADOR.pdf | descargas\machali\busqueda_global\informe_memoria_explicativa_plan_regulador_comunal_de_machali__MEMORIA%20EXPLICATIVA%20PLAN%20REGULADOR.pdf
maria_pinto,decreto_205_pone_termono_actualizacion_plan_regulador_comunal,Ordenanzas Descargadas\600-1200\maria_pinto_decreto_205_pone_termono_actualizacion_plan_regulador_comunal__a1814fc2-4c2b-447a-81c5-e55e9c89137c.pdf,maria_pinto_decreto_205_pone_termono_actualizacion_plan_regulador_comunal__a1814fc2-4c2b-447a-81c5-e55e9c89137c.pdf,52,0,52,ESCANEADO,INDETERMINADO,ESCALAR,MEDIA,"El Decreto N205 de Maria Pinto (mayo 2022) 'pone termino al proceso de Evaluacion Ambiental Estrategica (EAE)' de la Actualizacion del PRC; es un cierre de etapa ambiental previa a la aprobacion final, no el acto que promulga la modificacion. La pagina 18 (de 52) muestra una tabla de zonas con solo superficie en m2/hectareas (ZH1, ZH2, ZAV, ZIS, ZAI, ZM), sin coeficientes de constructibilidad, alturas, densidades u otros parametros normativos. Dado que el documento tiene 52 paginas y solo se vieron 2, no se puede descartar que mas adelante contenga el cuerpo normativo o cuadro completo de la actualizacion del PRC; ante la duda se escala.",VISUAL,Ordenanzas Descargadas\600-1200\maria_pinto_decreto_205_pone_termono_actualizacion_plan_regulador_comunal__a1814fc2-4c2b-447a-81c5-e55e9c89137c.pdf | descargas\maria_pinto\busqueda_global\decreto_205_pone_termono_actualizacion_plan_regulador_comunal__a1814fc2-4c2b-447a-81c5-e55e9c89137c.pdf
padre_las_casas,decreto_2105_apruebase_actualizacion_estudio_plan_regulador_comunal_de_padre_las,Ordenanzas Descargadas\600-1200\padre_las_casas_decreto_2105_apruebase_actualizacion_estudio_plan_regulador_comunal_de_padre_las__DGM_2105%20%281%29.pdf,padre_las_casas_decreto_2105_apruebase_actualizacion_estudio_plan_regulador_comunal_de_padre_las__DGM_2105%20%281%29.pdf,2,2,0,TEXTO,ORDENANZA_PRC,ESCALAR,BAJA,"RESCATADO POR AUDITORIA: El motivo del descarte NO se sostiene: el texto completo (extraido con pdftotext, no ESCANEADO) muestra que la parte resolutiva dice literalmente 'DECRETO: 1. APRUEBESE, el estudio Plan Regulador Comunal, compuesto por la ORDENANZA, Planimetria, Memoria Explicativa (incluyendo todos sus anexos)... documentos que forman parte integrante del presente Decreto Alcaldicio', invocando ademas el art. 5 letra k) de la Ley 18.695 (atribucion esencial de aprobar el PRC). Es el acto MUNICIPAL de aprobacion de la Ordenanza Local (previo a remision a SEREMI/CORE/Contraloria), analogo al caso 'promulgase' de la trampa 5: aprueba la norma aunque falte tramitacion posterior para su vigencia plena. Debe rescatarse y revisarse si el PDF u otro documento del corpus contiene la Ordenanza anexada con el articulado completo. [descarte previo: Decreto 2105 'apruebase actualizacion estudio PRC' de Padre Las Casas; cita el art. 2.1.11 OGUC (procedimiento de elaboracion), sin senales normativas, sugiriendo que aprueba el ESTUDIO tecnico previo, no la norma final.]",TEXTO,Ordenanzas Descargadas\600-1200\padre_las_casas_decreto_2105_apruebase_actualizacion_estudio_plan_regulador_comunal_de_padre_las__DGM_2105%20%281%29.pdf | descargas\padre_las_casas\busqueda_global\decreto_2105_apruebase_actualizacion_estudio_plan_regulador_comunal_de_padre_las__DGM_2105%20%281%29.pdf
puente_alto,ordenanza_1_lamina_descriptiva_plan_regulador,Ordenanzas Descargadas\1200 x\puente_alto_ordenanza_1_lamina_descriptiva_plan_regulador__11e920_216cf5_PTE_ALTO_1_%20Model.pdf,puente_alto_ordenanza_1_lamina_descriptiva_plan_regulador__11e920_216cf5_PTE_ALTO_1_%20Model.pdf,1,0,0,VACIO,PLANO_LAMINA,ESCALAR,BAJA,"RESCATADO POR AUDITORIA: Verificado visualmente con render: esta lamina (1 de 8) del PRC de Puente Alto comparte la misma tabla de SIMBOLOGIA que d0211/d0212, con Densidad (Hab/Ha) por zona y remisiones a articulos especificos del PRMS/PRC (ej. Art 5.2.2.2, 8.1.3.1) para zonas especiales -- contenido normativo real que el analista no detecto porque el PDF no tiene capa de texto (VACIO) y solo verifico metadatos con pdfinfo sin abrir la imagen. Debe volver a revision con OCR/vision. [descarte previo: verificado con pdfinfo: PDF VACIO (sin capa de texto) generado desde AutoCAD Model space via Ghostscript, hoja de gran formato (2592x3456pt), es un plano/lamina grafica sin cuadro normativo]",TEXTO,Ordenanzas Descargadas\1200 x\puente_alto_ordenanza_1_lamina_descriptiva_plan_regulador__11e920_216cf5_PTE_ALTO_1_%20Model.pdf | descargas\puente_alto\busqueda_global\ordenanza_1_lamina_descriptiva_plan_regulador__11e920_216cf5_PTE_ALTO_1_%20Model.pdf
puente_alto,ordenanza_2_lamina_descriptiva_plan_regulador,Ordenanzas Descargadas\1200 x\puente_alto_ordenanza_2_lamina_descriptiva_plan_regulador__cfb2f1_PTE_ALTO_2_%20Model.pdf,puente_alto_ordenanza_2_lamina_descriptiva_plan_regulador__cfb2f1_PTE_ALTO_2_%20Model.pdf,1,0,0,VACIO,PLANO_LAMINA,ESCALAR,BAJA,"RESCATADO POR AUDITORIA: Verificado visualmente: la tabla de SIMBOLOGIA SI contiene un coeficiente normativo real -- Densidad en Hab/Ha por cada zona (ej. 'ZONA H1: Residencial y Equipamiento, Densidad 250 Hab/Ha') y remisiones a articulos especificos que rigen zonas especiales (Art 5.2.2.2, 8.1.3.1, 8.2.1.4 del PRMS). El motivo del descarte dice que 'no tiene cuadro normativo' pero eso es parcialmente incorrecto: no tiene COS/CC/altura/rasantes, pero si tiene densidad y remisiones normativas por zona, que es informacion util no capturada por estar en imagen (VACIO). [descarte previo: Es la lamina cartografica N°02 de 08 del Plan Regulador Comunal de Puente Alto: solo muestra el mapa de zonificacion con una tabla de SIMBOLOGIA que da nombre de zona, uso general y densidad (Hab/Ha), sin cuadro normativo con coeficientes de constructibilidad, ocupacion de suelo, altura maxima ni sistema de agrupamiento. Es grafica pura, no el texto de la ordenanza.]",VISUAL,Ordenanzas Descargadas\1200 x\puente_alto_ordenanza_2_lamina_descriptiva_plan_regulador__cfb2f1_PTE_ALTO_2_%20Model.pdf | descargas\puente_alto\busqueda_global\ordenanza_2_lamina_descriptiva_plan_regulador__cfb2f1_PTE_ALTO_2_%20Model.pdf
puente_alto,ordenanza_3_lamina_descriptiva_plan_regulador,Ordenanzas Descargadas\1200 x\puente_alto_ordenanza_3_lamina_descriptiva_plan_regulador__63e45f_PTE_ALTO_3_%20Model.pdf,puente_alto_ordenanza_3_lamina_descriptiva_plan_regulador__63e45f_PTE_ALTO_3_%20Model.pdf,1,0,0,VACIO,PLANO_LAMINA,ESCALAR,BAJA,"RESCATADO POR AUDITORIA: Misma serie y misma tabla de SIMBOLOGIA con Densidad Hab/Ha por zona y remisiones articuladas verificada en d0210/d0211 (las laminas comparten identico cuadro de leyenda repetido en cada hoja). El descarte se apoyo solo en la ausencia de capa de texto (VACIO) sin verificar visualmente que la imagen SI contiene un coeficiente normativo (densidad) y remisiones a articulos del PRC/PRMS. [descarte previo: Misma serie que d0211: lamina N°03 de 08 del Plan Regulador Comunal de Puente Alto, solo mapa de zonificacion con la misma tabla SIMBOLOGIA generica (zona/uso/densidad), sin cuadro normativo detallado (COS, CC, altura, antejardin, rasantes).]",VISUAL,Ordenanzas Descargadas\1200 x\puente_alto_ordenanza_3_lamina_descriptiva_plan_regulador__63e45f_PTE_ALTO_3_%20Model.pdf | descargas\puente_alto\busqueda_global\ordenanza_3_lamina_descriptiva_plan_regulador__63e45f_PTE_ALTO_3_%20Model.pdf
puerto_montt,proceso_participativo_plan_regulador_comunal_prc,Ordenanzas Descargadas\1200 x\puerto_montt_proceso_participativo_plan_regulador_comunal_prc__411334b8-5b3e-42b4-bacd-911b22733397.pdf,puerto_montt_proceso_participativo_plan_regulador_comunal_prc__411334b8-5b3e-42b4-bacd-911b22733397.pdf,25,0,25,ESCANEADO,INDETERMINADO,ESCALAR,BAJA,"RESCATADO POR AUDITORIA: ESCANEADO 25 paginas, cero capa de texto: el descarte se basa solo en el titulo ('proceso participativo'), sin poder confirmar contenido. Un documento asi de extenso puede incluir el anteproyecto o anexos con parametros propuestos (como se comprobo en d0222 de Quilicura). Trampa ESCANEADO: rescatar. [descarte previo: Nombre indica 'proceso participativo' (audiencia/consulta ciudadana sobre el PRC), es decir un tramite de participacion, no el instrumento normativo. Documento escaneado (25 pag) sin ninguna capa de texto para confirmar contenido.]",NOMBRE,Ordenanzas Descargadas\1200 x\puerto_montt_proceso_participativo_plan_regulador_comunal_prc__411334b8-5b3e-42b4-bacd-911b22733397.pdf | descargas\puerto_montt\busqueda_global\proceso_participativo_plan_regulador_comunal_prc__411334b8-5b3e-42b4-bacd-911b22733397.pdf
quilicura,acta_12_1_enmienda_plan_regulador_comunal,Ordenanzas Descargadas\1200 x\quilicura_acta_12_1_enmienda_plan_regulador_comunal__3bf9a227-f7b1-454b-af86-bd6a41019fc8.pdf,quilicura_acta_12_1_enmienda_plan_regulador_comunal__3bf9a227-f7b1-454b-af86-bd6a41019fc8.pdf,11,10,1,TEXTO,ENMIENDA_PRC,ESCALAR,BAJA,"RESCATADO POR AUDITORIA: CRITICO: lei el texto completo (11 pag, mayoria con capa de texto). El Asesor Urbanista expone valores CONCRETOS de la enmienda propuesta: alturas por zona (H1 15m->18m, H2 7m->9m, I3->18m) y antejardines llevados a 0m en 3 vias con tramos exactos (Manuel Antonio Matta, Vergara, San Martin). El analista descarto por ser 'audiencia de consulta' sin notar que SI contiene normas propuestas con cifras precisas (regla 2: 'contenga normas'). Rescatar. [descarte previo: Acta de sesion extraordinaria N12 del Concejo Municipal de Quilicura (audiencia publica, segunda etapa) donde el asesor urbanista presenta una propuesta de enmienda sobre antejardines; se extrajo texto adicional que confirma que es la exposicion/consulta ciudadana de una propuesta (con plazo de 15 dias para observaciones), no el decreto final con las normas aprobadas.]",TEXTO,Ordenanzas Descargadas\1200 x\quilicura_acta_12_1_enmienda_plan_regulador_comunal__3bf9a227-f7b1-454b-af86-bd6a41019fc8.pdf | descargas\quilicura\busqueda_global\acta_12_1_enmienda_plan_regulador_comunal__3bf9a227-f7b1-454b-af86-bd6a41019fc8.pdf
quilicura,acta_16_1_modificacion_presupuestaria_municipal_no8_2_enmienda_al_plan_regulador,Ordenanzas Descargadas\1200 x\quilicura_acta_16_1_modificacion_presupuestaria_municipal_no8_2_enmienda_al_plan_regulador__c7e4deb5-a1d5-4776-8301-96c7ddc2b83a.pdf,quilicura_acta_16_1_modificacion_presupuestaria_municipal_no8_2_enmienda_al_plan_regulador__c7e4deb5-a1d5-4776-8301-96c7ddc2b83a.pdf,11,0,11,ESCANEADO,ENMIENDA_PRC,ESCALAR,BAJA,"RESCATADO POR AUDITORIA: Escaneado 11pag sin texto, mismo proceso de enmienda PRC de Quilicura que d0222 (que demostro contener tablas de valores concretos de alturas/antejardines). El descarte se apoya en pattern-matching sin leer este documento directamente: trampa ESCANEADO. Rescatar. [descarte previo: Acta de sesion (agenda: modificacion presupuestaria municipal N8 y enmienda al PRC como item 2); documento totalmente escaneado sin texto, pero mismo patron confirmado en el acta 12 del mismo proceso de enmienda de Quilicura (d0222): registro de reunion municipal, no el decreto normativo en si.]",NOMBRE,Ordenanzas Descargadas\1200 x\quilicura_acta_16_1_modificacion_presupuestaria_municipal_no8_2_enmienda_al_plan_regulador__c7e4deb5-a1d5-4776-8301-96c7ddc2b83a.pdf | descargas\quilicura\busqueda_global\acta_16_1_modificacion_presupuestaria_municipal_no8_2_enmienda_al_plan_regulador__c7e4deb5-a1d5-4776-8301-96c7ddc2b83a.pdf
quilicura,acta_8_1_enmienda_plan_regulador_comunal,Ordenanzas Descargadas\1200 x\quilicura_acta_8_1_enmienda_plan_regulador_comunal__6c0771cf-886a-49df-b466-aa25d929d0c7.pdf,quilicura_acta_8_1_enmienda_plan_regulador_comunal__6c0771cf-886a-49df-b466-aa25d929d0c7.pdf,24,0,24,ESCANEADO,ENMIENDA_PRC,ESCALAR,BAJA,"RESCATADO POR AUDITORIA: Escaneado 24pag, es 'acta 8', la PRIMERA audiencia de la misma enmienda (el propio acta 12/d0222 dice 'ya fue vista en una primera etapa'). Si la segunda audiencia contenia el detalle completo de valores propuestos, la primera probablemente tambien. Trampa ESCANEADO: rescatar. [descarte previo: Acta de sesion (item 1: enmienda al PRC), probablemente la primera audiencia del mismo proceso de enmienda documentado en el acta 12 (d0222, que menciona 'ya fue vista en una primera etapa'); documento totalmente escaneado sin texto, mismo patron procedimental (acta de reunion, no decreto).]",NOMBRE,Ordenanzas Descargadas\1200 x\quilicura_acta_8_1_enmienda_plan_regulador_comunal__6c0771cf-886a-49df-b466-aa25d929d0c7.pdf | descargas\quilicura\busqueda_global\acta_8_1_enmienda_plan_regulador_comunal__6c0771cf-886a-49df-b466-aa25d929d0c7.pdf
quilleco,decreto_aprueba_ordenanza_municipal_sobre_derechos_por_concesiones_permisos_serv,Ordenanzas ordenadas\quilleco_decreto_aprueba_ordenanza_municipal_sobre_derechos_por_concesiones_permisos_serv__20101026.pdf,quilleco_decreto_aprueba_ordenanza_municipal_sobre_derechos_por_concesiones_permisos_serv__20101026.pdf,72,1,71,MIXTO,MODIFICACION_PRC,ESCALAR,BAJA,"RESCATADO POR AUDITORIA: TRAMPA CONFIRMADA (Diario Oficial comuna ajena): el PDF es la edicion completa del DO N39.794 (72 pag, 71 escaneadas sin texto). El sumario (unica pagina con texto) revela 'Municipalidad de Calama - Resolucion 169.- Promulga aprobacion del plano seccional en zona ZU-2 del actual Plan Regulador vigente', lo que explica el codigo_zona ZU-2 detectado (pertenece a Calama, no a Quilleco). Pagina 3, donde estaria el contenido real, no tiene capa de texto (verificado). Hay una norma urbanistica real de OTRA comuna escondida y mal catalogada. Rescatar para extraer y reasignar a Calama. [descarte previo: ordenanza sobre derechos por concesiones, permisos y servicios municipales; nada que ver con normas urbanisticas del PRC]",NOMBRE,Ordenanzas Descargadas\1200 x\quilleco_decreto_aprueba_ordenanza_municipal_sobre_derechos_por_concesiones_permisos_serv__20101026.pdf | Ordenanzas ordenadas\quilleco_decreto_aprueba_ordenanza_municipal_sobre_derechos_por_concesiones_permisos_serv__20101026.pdf | descargas\quilleco\diario_oficial\decreto_aprueba_ordenanza_municipal_sobre_derechos_por_concesiones_permisos_serv__20101026.pdf
quillota,decreto_alcaldicio_2338_termino_proceso_de_eval_ambl_estrat_anteproyecto_plan_re,Ordenanzas ordenadas\OCR ok\quillota_decreto_alcaldicio_2338_termino_proceso_de_eval_ambl_estrat_anteproyecto_plan_re__f-id-2659-termino-proceso-eval-amb-anteproyecto-plan-regulador.pdf,quillota_decreto_alcaldicio_2338_termino_proceso_de_eval_ambl_estrat_anteproyecto_plan_re__f-id-2659-termino-proceso-eval-amb-anteproyecto-plan-regulador.pdf,82,57,5,TEXTO,MODIFICACION_PRC,ESCALAR,BAJA,"RESCATADO POR AUDITORIA: Puntaje normativo muy alto (12): menciones extensas de constructibilidad, ocupacion de suelo, agrupamiento, antejardin, adosamiento, distanciamiento, zonificacion, usos de suelo (x5), articulado (x15) y limite urbano (x4) en 82 paginas. El propio motivo del analista admite que 'el texto discute parametros propuestos'. Aunque la ordenanza definitiva esta pendiente, el documento SI contiene normas urbanisticas propuestas (regla 2) y puede ser la unica fuente disponible mientras Quillota no apruebe el texto final. Rescatar con salvedad de que son valores en borrador. [descarte previo: decreto que cierra el proceso de Evaluacion Ambiental Estrategica del anteproyecto; el texto discute parametros propuestos y respuestas a observaciones pero no aprueba la ordenanza definitiva (aun pendiente segun el propio documento)]",TEXTO,Ordenanzas Descargadas\1200 x\quillota_decreto_alcaldicio_2338_termino_proceso_de_eval_ambl_estrat_anteproyecto_plan_re__f-id-2659-termino-proceso-eval-amb-anteproyecto-plan-regulador.pdf | Ordenanzas ordenadas\OCR ok\quillota_decreto_alcaldicio_2338_termino_proceso_de_eval_ambl_estrat_anteproyecto_plan_re__f-id-2659-termino-proceso-eval-amb-anteproyecto-plan-regulador.pdf | descargas\quillota\busqueda_global\decreto_alcaldicio_2338_termino_proceso_de_eval_ambl_estrat_anteproyecto_plan_re__f-id-2659-termino-proceso-eval-amb-anteproyecto-plan-regulador.pdf
quintero,1191_desafecta_la_declaratoria_de_utilidad_publica_contemplada_en_el_plan_regula,Ordenanzas ordenadas\OCR ok\quintero_1191_desafecta_la_declaratoria_de_utilidad_publica_contemplada_en_el_plan_regula__do-20151003.pdf,quintero_1191_desafecta_la_declaratoria_de_utilidad_publica_contemplada_en_el_plan_regula__do-20151003.pdf,2,2,0,TEXTO,MODIFICACION_PRC,ESCALAR,BAJA,"RESCATADO POR AUDITORIA: Texto completo del decreto 1191 confirma que desafecta la declaratoria de utilidad publica del PRC de Quintero para el ensanche de Av. Normandie en 4 m. Eso modifica el efecto normativo del plan sobre esa area (remueve una afectacion vial establecida en el PRC); no es tramite de ejecucion sino el acto de fondo. El motivo original ('sin fijar normas nuevas') no considera que desafectar SI altera lo que el plan dispone. [descarte previo: texto confirma que desafecta una declaratoria de utilidad publica para un ensanche vial puntual, sin fijar normas urbanisticas nuevas]",TEXTO,Ordenanzas Descargadas\1200 x\quintero_1191_desafecta_la_declaratoria_de_utilidad_publica_contemplada_en_el_plan_regula__do-20151003.pdf | Ordenanzas ordenadas\OCR ok\quintero_1191_desafecta_la_declaratoria_de_utilidad_publica_contemplada_en_el_plan_regula__do-20151003.pdf | descargas\quintero\diario_oficial\1191_desafecta_la_declaratoria_de_utilidad_publica_contemplada_en_el_plan_regula__do-20151003.pdf
rancagua,decreto_421_occh_917_laminas_de_exposicion_plan_regulador_comunal_depto_patr,Ordenanzas Descargadas\1200 x\rancagua_decreto_421_occh_917_laminas_de_exposicion_plan_regulador_comunal_depto_patr__2021-02-D-421.pdf,rancagua_decreto_421_occh_917_laminas_de_exposicion_plan_regulador_comunal_depto_patr__2021-02-D-421.pdf,1,0,1,ESCANEADO,INDETERMINADO,ESCALAR,BAJA,"RESCATADO POR AUDITORIA: ESCANEADO, 1 pagina, cero texto verificable (confirmado con pdftotext directo, salida vacia). El descarte asume que 'laminas de exposicion' son solo material de difusion sin cuadro normativo, pero sin OCR no se puede confirmar: podria incluir los planos oficiales del PRC con su cuadro de normas adjunto (departamento Patrimonio). Se rescata por duda ante la trampa ESCANEADO. [descarte previo: laminas de exposicion del PRC: material para el tramite de exhibicion publica, sin cuadro normativo propio]",NOMBRE,Ordenanzas Descargadas\1200 x\rancagua_decreto_421_occh_917_laminas_de_exposicion_plan_regulador_comunal_depto_patr__2021-02-D-421.pdf | descargas\rancagua\busqueda_global\decreto_421_occh_917_laminas_de_exposicion_plan_regulador_comunal_depto_patr__2021-02-D-421.pdf
rancagua,decreto_4333_de_n3326_public_en_diario_oficial_modificacion_al_plan_regulador,Ordenanzas ordenadas\rancagua_decreto_4333_de_n3326_public_en_diario_oficial_modificacion_al_plan_regulador__2021-11-D-4333.pdf,rancagua_decreto_4333_de_n3326_public_en_diario_oficial_modificacion_al_plan_regulador__2021-11-D-4333.pdf,1,0,1,ESCANEADO,MODIFICACION_PRC,ESCALAR,BAJA,"RESCATADO POR AUDITORIA: ESCANEADO, 1 pagina, cero texto (confirmado con pdftotext, salida vacia). El nombre indica que este decreto ordena/formaliza la publicacion en el Diario Oficial de una modificacion al PRC (decreto 3326), acto analogo a una promulgacion (decreto de 1 pagina que promulga SI sirve). El descarte asume que el contenido ya esta cubierto por otros documentos sin poder verificarlo aqui. Se rescata por duda. [descarte previo: decreto de 1 pagina que ordena/certifica la publicacion en el Diario Oficial del decreto 3326 (ya cubierto por d0913/d0915); acto de publicacion, no de creacion de normas]",NOMBRE,Ordenanzas Descargadas\1200 x\rancagua_decreto_4333_de_n3326_public_en_diario_oficial_modificacion_al_plan_regulador__2021-11-D-4333.pdf | Ordenanzas ordenadas\rancagua_decreto_4333_de_n3326_public_en_diario_oficial_modificacion_al_plan_regulador__2021-11-D-4333.pdf | descargas\rancagua\busqueda_global\decreto_4333_de_n3326_public_en_diario_oficial_modificacion_al_plan_regulador__2021-11-D-4333.pdf
rancagua,decreto_488_ex_414_planos_plan_regulador_comuna_de_rancagua,Ordenanzas ordenadas\rancagua_decreto_488_ex_414_planos_plan_regulador_comuna_de_rancagua__2017-2-D-488.pdf,rancagua_decreto_488_ex_414_planos_plan_regulador_comuna_de_rancagua__2017-2-D-488.pdf,1,0,1,ESCANEADO,PLANO_LAMINA,ESCALAR,BAJA,"RESCATADO POR AUDITORIA: ESCANEADO, 1 pagina, cero texto (confirmado con pdftotext, salida vacia). El decreto aprueba 'planos' del Plan Regulador Comunal de Rancagua; los planos son uno de los 3 componentes normativos oficiales de un PRC (Memoria, Ordenanza, Planos). El descarte se apoyo solo en que el nombre 'no menciona ordenanza o cuadro normativo', exactamente la trampa de ESCANEADO: no habia texto que mirar. Se rescata. [descarte previo: nombre indica 'planos' del PRC en 1 pagina, sin mencion de ordenanza o cuadro normativo]",NOMBRE,Ordenanzas Descargadas\1200 x\rancagua_decreto_488_ex_414_planos_plan_regulador_comuna_de_rancagua__2017-2-D-488.pdf | Ordenanzas ordenadas\rancagua_decreto_488_ex_414_planos_plan_regulador_comuna_de_rancagua__2017-2-D-488.pdf | descargas\rancagua\busqueda_global\decreto_488_ex_414_planos_plan_regulador_comuna_de_rancagua__2017-2-D-488.pdf
san_joaquin,752_deja_sin_efecto_las_afectaciones_a_utilidad_publica_del_plan_regulador_comun,Ordenanzas ordenadas\san_joaquin_752_deja_sin_efecto_las_afectaciones_a_utilidad_publica_del_plan_regulador_comun__DECRETO_752.pdf,san_joaquin_752_deja_sin_efecto_las_afectaciones_a_utilidad_publica_del_plan_regulador_comun__DECRETO_752.pdf,3,0,3,ESCANEADO,INDETERMINADO,ESCALAR,BAJA,"RESCATADO POR AUDITORIA: ESCANEADO, cero texto real disponible; el motivo se apoya solo en el titulo. El caso d0963 (San Miguel) demostro que un PDF de Diario Oficial titulado 'deja sin efecto...' puede traer pegado OTRO decreto en la misma pagina que si modifica coeficientes de una zona. Con 3 paginas (mas largo que los 'deja sin efecto' de 1 pagina de San Felipe/San Javier ya verificados) no se puede descartar ese mismo patron sin OCR. [descarte previo: 'Deja sin efecto' afectaciones a utilidad publica: ejemplo explicito de tramite administrativo en la taxonomia, sin normas urbanisticas propias.]",NOMBRE,Ordenanzas Descargadas\1200 x\san_joaquin_752_deja_sin_efecto_las_afectaciones_a_utilidad_publica_del_plan_regulador_comun__DECRETO_752.pdf | Ordenanzas ordenadas\san_joaquin_752_deja_sin_efecto_las_afectaciones_a_utilidad_publica_del_plan_regulador_comun__DECRETO_752.pdf | descargas\san_joaquin\diario_oficial\752_deja_sin_efecto_las_afectaciones_a_utilidad_publica_del_plan_regulador_comun__DECRETO_752.pdf
san_miguel,1292_deja_sin_efecto_enmienda_al_plan_regulador_comunal_y_modificacion_a_su_orde,Ordenanzas ordenadas\OCR ok\san_miguel_1292_deja_sin_efecto_enmienda_al_plan_regulador_comunal_y_modificacion_a_su_orde__Decretos 1292 y 1293 6-07-2009.pdf,san_miguel_1292_deja_sin_efecto_enmienda_al_plan_regulador_comunal_y_modificacion_a_su_orde__Decretos 1292 y 1293 6-07-2009.pdf,2,2,0,TEXTO,MODIFICACION_PRC,ESCALAR,BAJA,"RESCATADO POR AUDITORIA: Error de descarte: el mismo PDF (pagina de Diario Oficial) contiene el Decreto 1292 (deja sin efecto) Y el Decreto 1293, que SI modifica el PRC de San Miguel: incorpora en la Zona EM-1 un area con coeficiente de ocupacion de suelo de 0,80 (1-3 pisos) y 0,50 (sobre 3 pisos) y aprueba el plano E2-EM1-PRSM. El analista solo evaluo el primer decreto de la pagina. [descarte previo: El titulo mismo dice 'deja sin efecto enmienda al PRC y modificacion a su ordenanza local', trampa explicita de la taxonomia; revierte actos previos, no fija normas nuevas]",TEXTO,Ordenanzas Descargadas\1200 x\san_miguel_1292_deja_sin_efecto_enmienda_al_plan_regulador_comunal_y_modificacion_a_su_orde__Decretos 1292 y 1293 6-07-2009.pdf | Ordenanzas ordenadas\OCR ok\san_miguel_1292_deja_sin_efecto_enmienda_al_plan_regulador_comunal_y_modificacion_a_su_orde__Decretos 1292 y 1293 6-07-2009.pdf | descargas\san_miguel\diario_oficial\1292_deja_sin_efecto_enmienda_al_plan_regulador_comunal_y_modificacion_a_su_orde__Decretos 1292 y 1293 6-07-2009.pdf
san_miguel,sn_plan_regulador_comunal,Ordenanzas ordenadas\OCR ok\san_miguel_sn_plan_regulador_comunal__ME_20memoria_20explicativa_20nov.2016.pdf,san_miguel_sn_plan_regulador_comunal__ME_20memoria_20explicativa_20nov.2016.pdf,152,150,1,TEXTO,INDETERMINADO,ESCALAR,BAJA,"El documento se autodenomina 'Memoria Explicativa' (diagnóstico y fundamentación), no 'Ordenanza' ni 'Decreto'; la muestra en p.53 confirma contenido diagnóstico de condiciones existentes, pero al ser un documento de 152 páginas no se puede descartar que más adelante incluya un Cuadro Normativo o el texto de la Ordenanza como anexo. Por la regla de oro (errores asimétricos), se escala en vez de descartar.",VISUAL,Ordenanzas Descargadas\1200 x\san_miguel_sn_plan_regulador_comunal__M5-PRSM-1%20Zonificaci%C3%B3n%20(1).pdf | Ordenanzas Descargadas\1200 x\san_miguel_sn_plan_regulador_comunal__ME%20memoria%20explicativa%20nov.2016.pdf | Ordenanzas ordenadas\OCR ok\san_miguel_sn_plan_regulador_comunal__ME_20memoria_20explicativa_20nov.2016.pdf | descargas\san_miguel\busqueda_global\sn_plan_regulador_comunal__M5-PRSM-1%20Zonificaci%C3%B3n%20(1).pdf | descargas\san_miguel\busqueda_global\sn_plan_regulador_comunal__ME%20memoria%20explicativa%20nov.2016.pdf
santiago,02_ord_n_c2_b010,Ordenanzas ordenadas\santiago_02.-Ord-N_C2_B010.pdf,santiago_02.-Ord-N_C2_B010.pdf,3,0,3,ESCANEADO,INDETERMINADO,ESCALAR,BAJA,"RESCATADO POR AUDITORIA: ESCANEADO, cero texto. Es el oficio mas reciente de la cadena de tramitacion de la modificacion del PRC de Santiago (posterior a d0972, dic-2024), momento en que Santiago responde a nuevas observaciones de la SEREMI sobre 'Correccion de la Zonificacion Especial'. No hay evidencia textual de que sea solo un tramite menor; podria contener respuesta tecnica sobre zonificacion. [descarte previo: Es un oficio (Ord. N°10) del Asesor Urbanista de la Municipalidad de Santiago a la SEREMI Metropolitana solicitando aclaración de una observación dentro del trámite de modificación del PRC. Es correspondencia interna de tramitación, sin contenido normativo ni acto de aprobación.]",VISUAL,Ordenanzas Descargadas\1200 x\santiago_02.-Ord-N%C2%B010.pdf | Ordenanzas ordenadas\santiago_02.-Ord-N_C2_B010.pdf | descargas\santiago\proactiva_externa\02.-Ord-N%C2%B010.pdf
santiago,04_ord_n_c2_b03,Ordenanzas ordenadas\santiago_04.-Ord-N_C2_B03.pdf,santiago_04.-Ord-N_C2_B03.pdf,7,0,7,ESCANEADO,INDETERMINADO,ESCALAR,BAJA,"RESCATADO POR AUDITORIA: ESCANEADO, cero texto. Segun el cruce con d0972 (antecedente 7), es la respuesta del Asesor Urbanista de Santiago al Informe Tecnico DESFAVORABLE de la SEREMI sobre 'Correccion de la Zonificacion Especial y actualizacion de Inmuebles de Conservacion Historica'; 7 paginas es extension razonable para una defensa tecnica punto por punto que puede citar zonas y parametros especificos en disputa. [descarte previo: Confirmado por cruce con d0972 (ANT.7): oficio de la Municipalidad que responde al informe tecnico desfavorable; estructuralmente es un oficio-indice de expediente, no incluye el texto normativo mismo.]",TEXTO,Ordenanzas Descargadas\1200 x\santiago_04.-Ord-N%C2%B03.pdf | Ordenanzas ordenadas\santiago_04.-Ord-N_C2_B03.pdf | descargas\santiago\proactiva_externa\04.-Ord-N%C2%B03.pdf
santiago,10_acuerdo_n_c2_b0408,Ordenanzas ordenadas\santiago_10.-Acuerdo-N_C2_B0408.pdf,santiago_10.-Acuerdo-N_C2_B0408.pdf,12,0,12,ESCANEADO,INDETERMINADO,ESCALAR,BAJA,"RESCATADO POR AUDITORIA: ESCANEADO, cero texto. Segun d0975, este Acuerdo (junto al 407) aprueba el Anteproyecto y resuelve 35 observaciones/impugnaciones de la comunidad sobre la 'Correccion de Zonificacion Especial e Inmuebles de Conservacion Historica'. Con 12 paginas es plausible que incluya el cuadro de respuesta punto por punto a cada observacion, que suele citar zonas y parametros especificos; no se puede descartar sin OCR. [descarte previo: Confirmado por cruce con d0975: Acuerdo de Concejo que aprueba el Anteproyecto y se pronuncia sobre observaciones de la comunidad, etapa intermedia.]",TEXTO,Ordenanzas Descargadas\1200 x\santiago_10.-Acuerdo-N%C2%B0408.pdf | Ordenanzas ordenadas\santiago_10.-Acuerdo-N_C2_B0408.pdf | descargas\santiago\proactiva_externa\10.-Acuerdo-N%C2%B0408.pdf
santiago,11_acuerdo_n_c2_b0407,Ordenanzas ordenadas\santiago_11.-Acuerdo-N_C2_B0407.pdf,santiago_11.-Acuerdo-N_C2_B0407.pdf,18,0,18,ESCANEADO,INDETERMINADO,ESCALAR,BAJA,"RESCATADO POR AUDITORIA: Mismo caso que d1280 (Acuerdo companero, ESCANEADO, 18 paginas): aprueba el Anteproyecto y resuelve observaciones de la comunidad sobre la modificacion de zonificacion; extension sugiere contenido sustantivo no verificable sin OCR. [descarte previo: Confirmado por cruce con d0975: Acuerdo de Concejo, junto al N408, que aprueba el Anteproyecto y se pronuncia sobre observaciones de la comunidad.]",TEXTO,Ordenanzas Descargadas\1200 x\santiago_11.-Acuerdo-N%C2%B0407.pdf | Ordenanzas ordenadas\santiago_11.-Acuerdo-N_C2_B0407.pdf | descargas\santiago\proactiva_externa\11.-Acuerdo-N%C2%B0407.pdf
santiago,18_dcto_secc_2da_n_c2_b05074,Ordenanzas ordenadas\santiago_18.-Dcto-Secc-2da-N_C2_B05074.pdf,santiago_18.-Dcto-Secc-2da-N_C2_B05074.pdf,3,0,3,ESCANEADO,TRAMITE_ADMINISTRATIVO,ESCALAR,BAJA,"Decreto Secc. 2da N°5074 (Santiago, 02-jul-2025) cuyos Vistos/Considerandos citan el Acuerdo N°339 (inicio de proceso de enmienda 'Barrios República y Corte Suprema') y discuten los criterios del Art. 28 sexies LGUC y Art. 2.1.4 bis OGUC para determinar la 'necesidad de realizar la actualizacion' del PRC. Solo se disponia de pagina 1 (Vistos/Considerando) y pagina 3 (cierre 'ANOTESE y transcribase', firmas), faltando la pagina 2 con la clausula resolutiva 'DECRETO:' que diria exactamente que se resuelve. No se puede confirmar si aprueba/promulga normas o si solo constata la necesidad de actualizar (tramite). Se escala por la regla de oro ante la duda.",VISUAL,Ordenanzas Descargadas\1200 x\santiago_18.-Dcto-Secc-2da-N%C2%B05074.pdf | Ordenanzas ordenadas\santiago_18.-Dcto-Secc-2da-N_C2_B05074.pdf | descargas\santiago\proactiva_externa\18.-Dcto-Secc-2da-N%C2%B05074.pdf
talcahuano,acuerdo_516_se_aprueba_el_plano_de_detalle_del_plan_regulador_comunal_de_talcahu,Ordenanzas Descargadas\1200 x\talcahuano_acuerdo_516_se_aprueba_el_plano_de_detalle_del_plan_regulador_comunal_de_talcahu__42c435b4-8aa8-4603-b073-191f62da5465.pdf,talcahuano_acuerdo_516_se_aprueba_el_plano_de_detalle_del_plan_regulador_comunal_de_talcahu__42c435b4-8aa8-4603-b073-191f62da5465.pdf,1,0,1,ESCANEADO,INDETERMINADO,ESCALAR,BAJA,Acuerdo N516 del Concejo de Talcahuano que aprueba un 'Plano de Detalle' del PRC para un tramo de calle especifico. No se ve el plano mismo ni se puede confirmar si trae cuadro normativo (coeficientes) o es solo alineacion vial. Ante la duda no se descarta.,VISUAL,Ordenanzas Descargadas\1200 x\talcahuano_acuerdo_516_se_aprueba_el_plano_de_detalle_del_plan_regulador_comunal_de_talcahu__42c435b4-8aa8-4603-b073-191f62da5465.pdf | descargas\talcahuano\busqueda_global\acuerdo_516_se_aprueba_el_plano_de_detalle_del_plan_regulador_comunal_de_talcahu__42c435b4-8aa8-4603-b073-191f62da5465.pdf
villarrica,oficio_38_interpreta_normas_del_plan_regulador_intercomunal_villarrica_pucon,Ordenanzas ordenadas\villarrica_oficio_38_interpreta_normas_del_plan_regulador_intercomunal_villarrica_pucon__ord_38-2013_minvu.pdf,villarrica_oficio_38_interpreta_normas_del_plan_regulador_intercomunal_villarrica_pucon__ord_38-2013_minvu.pdf,3,0,3,ESCANEADO,PRI_INTERCOMUNAL,ESCALAR,BAJA,"RESCATADO POR AUDITORIA: ESCANEADO sin capa de texto en este extracto, pero el propio analista describe contenido sustantivo: SEREMI MINVU interpreta articulos 22, 23 y 29 del PRI Villarrica-Pucon (franjas de seguridad 50m) y concluye que quedan tacitamente derogados por la OGUC. Esto afecta la vigencia real de normas del PRI vigente; el propio analista marco 'confianza media'. Al no haber capa de texto verificable en este lote y tratarse de contenido normativo sustantivo (no un mero tramite), corresponde revision humana antes de descartar definitivamente. [descarte previo: Es un oficio (ORD N°038) de la SEREMI MINVU Araucania a la DOM de Pucon que 'Interpreta normas del Plan Regulador Intercomunal Villarrica Pucon' en respuesta a una consulta de privados sobre franjas de seguridad de 50 m. Concluye que ciertos articulos del PRI (22, 23, 29) exceden su competencia y quedan tacitamente derogados por la OGUC posterior. No aprueba, promulga ni modifica formalmente el PRI; es una opinion/interpretacion tecnica puntual para un caso, por lo que se clasifica como tramite administrativo (no crea norma nueva). Confianza media porque el contenido si discute articulos normativos del PRI vigente.]",VISUAL,Ordenanzas Descargadas\1200 x\villarrica_oficio_38_interpreta_normas_del_plan_regulador_intercomunal_villarrica_pucon__ord_38-2013_minvu.pdf | Ordenanzas ordenadas\villarrica_oficio_38_interpreta_normas_del_plan_regulador_intercomunal_villarrica_pucon__ord_38-2013_minvu.pdf | descargas\villarrica\busqueda_global\oficio_38_interpreta_normas_del_plan_regulador_intercomunal_villarrica_pucon__ord_38-2013_minvu.pdf
villarrica,sn_aviso_de_aprobacion_de_la_modificacion_via_enmiendas_al_plan_regulador_de_lic,Ordenanzas Descargadas\1200 x\villarrica_sn_aviso_de_aprobacion_de_la_modificacion_via_enmiendas_al_plan_regulador_de_lic__publicacion_aviso_modificacion_prc_licanray_2026.pdf,villarrica_sn_aviso_de_aprobacion_de_la_modificacion_via_enmiendas_al_plan_regulador_de_lic__publicacion_aviso_modificacion_prc_licanray_2026.pdf,1,1,0,TEXTO,ENMIENDA_PRC,ESCALAR,BAJA,"RESCATADO POR AUDITORIA: TRAMPA 5: es el aviso oficial del Diario Oficial que dice literalmente 'PROMULGA MODIFICACION AL PLAN REGULADOR DE LICAN RAY', con Decreto Alcaldicio N1.747 (30-dic-2025) y fecha de vigencia (1-feb-2026). Es el acto formal que aprueba la enmienda, no un mero anuncio de tramite; debe rescatarse aunque no incluya el articulado completo (ese vendria en el decreto/memoria referenciados). [descarte previo: Es solo el aviso de publicacion en el Diario Oficial de la aprobacion de una modificacion via enmiendas al PRC de Lican Ray; no incluye el articulado, solo antecedentes administrativos y fechas]",TEXTO,Ordenanzas Descargadas\1200 x\villarrica_sn_aviso_de_aprobacion_de_la_modificacion_via_enmiendas_al_plan_regulador_de_lic__publicacion_aviso_modificacion_prc_licanray_2026.pdf | descargas\villarrica\diario_oficial\sn_aviso_de_aprobacion_de_la_modificacion_via_enmiendas_al_plan_regulador_de_lic__publicacion_aviso_modificacion_prc_licanray_2026.pdf
villarrica,sn_aviso_de_aprobacion_de_la_modificacion_via_enmiendas_al_plan_regulador_de_vil,Ordenanzas Descargadas\1200 x\villarrica_sn_aviso_de_aprobacion_de_la_modificacion_via_enmiendas_al_plan_regulador_de_vil__publicacion_aviso_modificacion_prc_villarrica_2026.pdf,villarrica_sn_aviso_de_aprobacion_de_la_modificacion_via_enmiendas_al_plan_regulador_de_vil__publicacion_aviso_modificacion_prc_villarrica_2026.pdf,1,1,0,TEXTO,ENMIENDA_PRC,ESCALAR,BAJA,"RESCATADO POR AUDITORIA: TRAMPA 5, mismo patron que d0317: aviso del Diario Oficial 'PROMULGA MODIFICACION AL PLAN REGULADOR DE VILLARRICA', Decreto Alcaldicio N467 (11-mar-2026), vigencia 22-mar-2026. Es el acto de promulgacion, debe rescatarse. [descarte previo: Es solo el aviso de publicacion en el Diario Oficial de la aprobacion de una modificacion via enmiendas al PRC de Villarrica; no trae el articulado ni las normas]",TEXTO,Ordenanzas Descargadas\1200 x\villarrica_sn_aviso_de_aprobacion_de_la_modificacion_via_enmiendas_al_plan_regulador_de_vil__publicacion_aviso_modificacion_prc_villarrica_2026.pdf | descargas\villarrica\diario_oficial\sn_aviso_de_aprobacion_de_la_modificacion_via_enmiendas_al_plan_regulador_de_vil__publicacion_aviso_modificacion_prc_villarrica_2026.pdf
zapallar,acuerdo_118_aprueba_aplicacion_del_articulo_n23_del_plan_regulador_comunal,Ordenanzas Descargadas\1200 x\zapallar_acuerdo_118_aprueba_aplicacion_del_articulo_n23_del_plan_regulador_comunal__118.pdf,zapallar_acuerdo_118_aprueba_aplicacion_del_articulo_n23_del_plan_regulador_comunal__118.pdf,1,0,1,ESCANEADO,INDETERMINADO,ESCALAR,BAJA,"RESCATADO POR AUDITORIA: ESCANEADO sin texto propio; el motivo de descarte se apoya SOLO en analogia con un documento DISTINTO (acuerdo 85) de la misma comuna, no en evidencia de este documento. 'Aprueba aplicacion del articulo 23 del PRC' podria ser una exencion puntual (como se infiere) o podria tener alcance normativo distinto; la inferencia por analogia entre dos actos administrativos distintos es evidencia debil. Requiere revision humana con el PDF a la vista. [descarte previo: Aprueba aplicacion del art. 23; por analogia con el acuerdo 85 de esta misma comuna (texto confirmado) se trata de una exencion de rasante para un proyecto puntual, no una norma general.]",NOMBRE,Ordenanzas Descargadas\1200 x\zapallar_acuerdo_118_aprueba_aplicacion_del_articulo_n23_del_plan_regulador_comunal__118.pdf | descargas\zapallar\busqueda_global\acuerdo_118_aprueba_aplicacion_del_articulo_n23_del_plan_regulador_comunal__118.pdf
zapallar,acuerdo_126_acuerda_no_acoger_observacion_modificacion_del_plan_regulador_comuna,Ordenanzas Descargadas\1200 x\zapallar_acuerdo_126_acuerda_no_acoger_observacion_modificacion_del_plan_regulador_comuna__126.pdf,zapallar_acuerdo_126_acuerda_no_acoger_observacion_modificacion_del_plan_regulador_comuna__126.pdf,1,0,1,ESCANEADO,MODIFICACION_PRC,ESCALAR,BAJA,"RESCATADO POR AUDITORIA: TRAMPA DETECTADA: el analista copio el mismo motivo de los acuerdos 124 y 125 ('rechaza observacion') pero este documento (Acuerdo 126, mismo grupo de observaciones 18-2) en realidad dice 'Acoger la observacion' y aprueba por unanimidad MODIFICAR el ancho de la zona de proteccion ZEP-3 en las quebradas Q12.B.2 (franja de 50 m), Q13.B y Q13.B.1 (franja de 35 m), ademas de corregir el trazado de Q13.B.2.1. Es un cambio concreto a un parametro urbanistico (ancho de zona de restriccion), no un tramite vacio. Verificado visualmente en el documento. [descarte previo: Acuerdo que rechaza una observacion ciudadana en el proceso de modificacion del PRC; tramite de participacion sin normas propias.]",NOMBRE,Ordenanzas Descargadas\1200 x\zapallar_acuerdo_126_acuerda_no_acoger_observacion_modificacion_del_plan_regulador_comuna__126.pdf | descargas\zapallar\busqueda_global\acuerdo_126_acuerda_no_acoger_observacion_modificacion_del_plan_regulador_comuna__126.pdf
