comuna,region,archivo_json,zonas_ficha,zonas_geojson,zonas_cubiertas,geojson_sin_ficha,confianza,nota,sesion,fin
chanaral,03,03_chanaral.json,16,15,15,,MEDIA,"16 fichas = 15/15 codigos geojson + 1 ficha bonus (ZU4.1, subzona de la enmienda1711 sin poligono propio en este geojson). Discrepancia Z10/Z11 vs Z12 en densidad ZE1/ZE2 (Z12 invierte los valores) -- se uso Z10/Z11 como fuente primaria, discrepancia documentada sin poder determinar cual cuadro tiene el error. Geojson solo trae 'ZU5' sin distinguir subzonas 5.1/5.2 -- se fusiono en una sola ficha con la enmienda6714 aplicada (CC1.8/COS50%/antejardin opcional), ambas densidades (50 y 150 hab/ha) documentadas sin poder asignar cual aplica a la zona fusionada.",S1,2026-07-23T10:06:50
freirina,03,03_freirina.json,12,12,12,,MEDIA,"12 fichas: 5 zonas con norma completa (C,C1,C2,D,E) del D.O.2932/2008. C2 documenta la excepcion +20% altura (poligono A-B-C-D-E) de la enmienda3882 SIN generalizarla a toda la zona. CC de C=1.5 y C2=1.2 con punto decimal (confirmado del original, no error). C1 Comercio/Servicios CC=2 entero (verificado). D y E sin densidad por diseno del documento. 7 codigos del geojson (R1,R2,R3,R4,R6,R7,Area Verde) sin fuente en fase4 -- fichas con usos desde atributos del geojson y numericos en null, marcadas FALTANTE. Discrepancia de año del decreto base (2008 vs 2009 segun fuente) documentada sin resolver.",S1,2026-07-23T10:28:26
combarbala,04,04_combarbala.json,14,14,14,,ALTA,"14 fichas = 14/14 codigos geojson (ZU1-ZU12, ZAV-1, EP). ZR-1/ZR-2 y A-1/A-2 de la ordenanza no aparecen en este geojson, no se generaron fichas. ZU8 y EP con multiples campos null (COS,CC,agrupamiento,antejardin) por estar 'No especificado' en el propio Decreto532/2020.",S1,2026-07-23T10:18:25
monte_patria,04,04_montepatria.json,27,27,27,,MEDIA,"27 fichas = 27/27 codigos geojson. HALLAZGO: el geojson usa numeracion REDUCIDA (ZU1-6, ZE1-7 + subzonas -1) distinta del rango completo de la ordenanza (ZU1-10, ZE1-11) -- se emparejo por codigo literal contra la zona homonima de la ordenanza, ZU7-10/ZE8-11 de la ordenanza no tienen poligono en este geojson y quedan fuera. ZAV2 sin fuente documental (brecha real, null+nota). AVE es capa de areas verdes existentes sin cuadro normativo propio. ZCH01-04 con COS/CC/altura/agrupamiento null por corte de pagina p33/34 en la Modificacion de Ordenanza. Usos ZE5 rectificados segun Decreto 3534 (PTAS movida de prohibido a permitido). Precedencia aplicada: Modificacion 42123 (cuadros completos) > Memoria Explicativa 10156 (predial/densidad) > rectificacion ZE5.",S1,2026-07-23T09:46:54
salamanca,04,04_salamanca.json,16,16,16,,MEDIA,"16 fichas cubren todos los codigos del geojson salvo AV (no presente en Art.19 de la ordenanza, creada con null+nota de brecha). ZR-4 de la ordenanza no esta en el geojson, se omitio. Superficie predial de vivienda en Chalinga (ZE-1) marcada explicitamente como no determinable por ilegibilidad del documento 1988 (no inventada). ZR-2,3,5,6 sin cuadro numerico (solo texto), documentado.",S1,2026-07-23T10:18:25
calle_larga,05,05_callelarga.json,15,15,15,,ALTA,"15 fichas = 15/15 codigos geojson. Enmienda N1/2022 (densidad +20%) aplicada sobre las 8 zonas ZU correspondientes, resto de columnas sin cambio. ZE-3 documentada como 'no aplica' (cuadro fuente todo guion). Fecha exacta de Diario Oficial del decreto base de la Actualizacion PRC no consta en las fuentes -- se uso 2022-03-10 (fecha sesion Concejo Enmienda1) como fecha_vigencia con caveat explicito en notas de zonas no tocadas por la enmienda.",S1,2026-07-19T00:14:37
casablanca,05,05_casablanca.json,25,25,25,,MEDIA,"25 fichas: 24 zonas del Art.8 (con enmienda 2022 ZED/ZHM-4 altura aplicada sobre la base) + AVE del geojson sin correspondencia en el listado de 24 zonas (null+nota). ZHE (modificacion sin fecha clara que agrega uso Salud) NO se pudo correlacionar con certeza a ninguno de los 24 codigos oficiales ni aparece en el geojson -- quedo sin aplicar, requiere revision humana de a que zona real corresponde. ZPC/ZAV remiten a OGUC 2.1.30/2.1.31 (solo altura 7m, sin cuadro propio, documentado). ZEC/ZED/ZER/ZIS sin fila de Densidad (zonas sin uso residencial).",S1,2026-07-19T00:14:19
limache,05,05_limache.json,28,27,27,,MEDIA,"28 fichas para 28 codigos geojson desde 1 ordenanza (26 zonas transcritas + normalizacion ZC0a/ZE-1/ZE-2 -> ZC0A/ZE1/ZE2 para calzar grafia geojson). 3 codigos del geojson sin cuadro en el rango transcrito (ZPP remite a Art.41 fuera de rango; AGUA y ZNE no identificados en el extracto) -- null+nota, requieren validacion contra Diario Oficial completo. AR1-H tiene cuadro propio en la ordenanza pero no aparece en este geojson, se excluyo. Dato puntual 3,5 de ZCEM (Art.31) no asociable con certeza a una fila -- confianza MEDIA puntual, no forzado.",S1,2026-07-19T00:14:20
san_esteban,05,05_sanesteban.json,13,13,13,,ALTA,"13 fichas = 13/13 codigos geojson. Ordenanza vigente (2 transcripciones cruzadas, coinciden exacto) usada, NO la version derogada 2014 (verificado que el geojson usa nomenclatura ZU-/ZE-/ZAV, no la H-/E-/R- derogada). ZE-5 y ZAV documentadas como zonas distintas. CR/TE (fajas no edificables) sin norma propia en el rango transcrito, null+nota. Fecha D.O. 2018-01-29 confirmada por busqueda web complementaria del subagente, no por apertura de PDF.",S1,2026-07-23T10:06:29
san_felipe,05,05_sanfelipe.json,21,21,21,,MEDIA,"21 fichas = 21/21 codigos geojson. E-1/E-8/E-10 con Enmienda 797/2002 aplicada. E-2 sin texto propio en el rango transcrito (null+nota). R-1/R-3/R-7/R-9/R-11 restriccion sectorial sin COS/CC. R-8 caso especial: COS 0,05/CC 0,1 solo como excepcion en predios >=5000m2, no derecho general, documentado asi. ADVERTENCIA: fecha/decreto exacto de aprobacion del PRC base no se pudo confirmar en las fuentes disponibles (sin poppler para revisar PDF original) -- se uso la fecha de la Enmienda 797/2002 como ancla, requiere validacion.",S1,2026-07-23T10:06:30
santa_maria,05,05_santamaria.json,4,4,4,,MEDIA,"4 zonas con datos reales del Plano Regulador 1982 (Decreto Alcaldicio 171/1981): H-1 y H-2 con cuadro completo (predial/COS/agrupamiento/altura por sistema/antejardin); EC con datos parciales (predial y algunas condiciones ilegibles/no diferenciadas en el escaneo, documentado explicitamente); ZR sin cuadro numerico propio, remite a disposiciones generales de cementerios. Cobertura GeoJSON exacta 4/4 sin necesidad de fichas estimadas. Confianza MEDIA heredada de fase4 por calidad del escaneo (fotocopia deteriorada de plano doblado) y vigencia legal de 1982 no reconfirmada contra fuente posterior.",SESION4,2026-07-17T04:56:56
chepica,06,06_chepica.json,13,13,13,,ALTA,"13 zonas (Ordenanza Local 79/2009). 13/13 codigos GeoJSON cubiertos (GeoJSON usa guion, igual que ordenanza). ZUR-1 solo con restriccion hidrologica 5m documentada, resto null. Edificacion continua 18 de Septiembre/Manuel Montt aplica solo a ZU-1 Chepica, no Auquinco.",SESION66,2026-07-23T10:17:25
codegua,06,06_codegua.json,12,12,12,,ALTA,"12 zonas (Decreto 28/2018). 12/12 codigos GeoJSON cubiertos. GeoJSON usa ZCH (no ZCH1 del cuadro), alias documentado. AV sin cuadro propio, remite a OGUC, todo null. Fecha vigencia 2018-02-26 no confirmada como fecha DO.",SESION66,2026-07-23T10:24:57
coinco,06,06_coinco.json,13,13,13,,MEDIA,"13 fichas = 13/13 codigos geojson. HALLAZGO: el geojson NO diferencia Coinco de Copequin -- 8 codigos (ZC,ZH1,ZH2,ZE1,ZE2,ZCH,ZR3,ZAV) cubren poligonos de ambas localidades bajo el mismo texto ZONA. Se uso Coinco-Cruz de Chillehue (cabecera comunal) como ficha canonica, valores de Copequin documentados en notas_adicionales (perdida de granularidad del esquema, no error). ZH1-R/ZH2-R/ZH3/ZR1 exclusivas de Coinco. ZR2 sin poligono en este geojson. Codigo huerfano 'ZH' detectado (NOM sugiere ZH2 Copequin mal tipeado en el geojson) -- ficha puente creada con advertencia explicita.",S1,2026-07-23T10:18:11
donihue,06,06_donihue.json,8,7,7,,MEDIA,"8 fichas generadas (7/7 codigos del GeoJSON + ZTE extra por fidelidad, sin geometria propia). Decreto 56/1988 cubre 2 localidades (Donihue 7 zonas + Lo Miranda 6 zonas = 13 zonas de ordenanza) pero el GeoJSON SOLO trae 7 codigos SIN campo de localidad que distinga Donihue de Lo Miranda -- mismo codigo se usa para zonas de ambas. Para ZU-1/ZU-2/ZE-1/ZR-1 las fichas de ambas localidades son casi identicas (fusionadas en 1 ficha, diffs menores documentados). CRITICO -- ZE-2: codigo COLISIONA entre Donihue (residencial-equipamiento, 500m2 COS40%) y Lo Miranda (INDUSTRIAL, 3000m2 COS50%) -- son normativas opuestas compartiendo el mismo zona_codigo en el GeoJSON. Ficha ZE-2 documenta ambas completas (Donihue en campos principales, Lo Miranda integra en excepciones_predios_especiales_txt), pero el matcher de la app NO puede resolver correctamente cual poligono recibe cual ficha -- requiere agregar atributo de localidad al GeoJSON o renombrar codigos (ZE-2-DON/ZE-2-LOM) para resolverse de verdad; no es arreglable solo con el JSON de normativa. Decreto 1988 no define CC ni densidad en ninguna zona (ausencia real de la fuente). Confianza MEDIA por el conflicto ZE-2 sin resolver a nivel de matcher.",SESION 55,2026-07-23T10:21:00
la_estrella,06,06_laestrella.json,9,8,8,,ALTA,"9 fichas, 8/8 codigos geojson (ZE1-6,ZD,AV) + ISAN agregada por completitud de la ordenanza aunque no tiene poligono en este geojson. Metadatos del decreto (promulgacion 23-feb-2016, D.O. 12-abr-2016) verificados por el subagente abriendo el PDF fuente ante ambiguedad real de fecha.",S1,2026-07-23T10:28:25
navidad,06,06_navidad.json,22,21,21,,ALTA,"22/22 zonas con ficha (A1,A1c,A2-A7c,B,BCD,C,E,EB1,EB2,ZR1,R1-R5,P1). Fuente unica (Resolucion 64 Afecta 2008/2009), sin enmiendas detectadas. HALLAZGO 1: el encabezado Art.24 rotula la 6ta zona restringida 'R6' pero su ficha de condiciones la llama 'R5'; se uso R5 (coincide con GeoJSON). HALLAZGO 2 (colision del matcher, no de la ficha): GeoJSON trae 'R1' (riesgo inundacion, 33 features) y 'ZR1' (restriccion borde costero, 2 features) como zonas DISTINTAS, pero normalizar_codigo() les quita el prefijo Z a ambas -> 'ZR1' colisiona con 'R1' tras normalizar. Se generaron fichas separadas y correctas para R1 y ZR1 (esta ultima con zona_codigo='ZR1' sin guion para calzar con el GeoJSON real), pero el matcher de la app solo puede resolver una via el codigo normalizado; los 2 poligonos ZR1 probablemente heredan la ficha de R1 en runtime. Requiere ajuste al matcher o a la regla de normalizacion, no a los datos. R3/A7c admiten solo instalaciones temporales (no residencia permanente); R1-R5 y P1 sin coeficientes por ser zonas de prohibicion total de edificar.",SESION 55,2026-07-23T10:16:46
paredones,06,06_paredones.json,17,13,13,,ALTA,"17 fichas, 13/13 codigos del geojson cubiertos (ZCH,R1,R2,R3 documentados por la ordenanza pero sin poligono en esta capa). ZCH remite integro a Cap.VI + Zona A-1 sin cifras propias (null+txt). BC esta en zonas exclusivas del cuerpo del texto aunque el indice Art.4.2 la lista en Zonas Mixtas -- discrepancia de la fuente, documentada. R1/R2/R3 sin cuadro de edificacion propio, solo normas de restriccion/edificacion tsunami-resistente. zona_codigo de P1 registrado como 'P-1' para calzar con el geojson.",S1,2026-07-23T10:18:11
peralillo,06,06_peralillo.json,11,11,11,,ALTA,"11 zonas: 5 con datos reales del Decreto 688/1991 (ZC, ZE, ZVb, ZVa con cuadro art.19 completo; ZRa -resguardo patrimonio arquitectonico- con cuadro propio art.20, caso especial cuadro-CON-valores dentro de las zonas de restriccion); 6 fichas estimadas (ZRb, ZRc, ZRe, ZRf, ZRv, Z_DIFUSA) enriquecidas con la descripcion GENERAL del art.20 para zonas de restriccion (proteccion infraestructura/medio ambiente, sin parametros numericos propios en ningun caso de este documento) pero sin valores especificos por zona, marcadas como estimadas. Cobertura GeoJSON exacta 11/11. Confianza ALTA heredada de fase4 (texto nativo).",SESION4,2026-07-17T05:10:14
pichidegua,06,06_pichidegua.json,17,17,17,,MEDIA,"17 fichas = geojson NO diferencia Pichidegua de Pataguas Cerro (ZU1,ZU2,ZU3,ZI,ZE,AD,AVP aparecen 2 veces cada uno bajo el mismo codigo). Se uso Pichidegua como ficha canonica, valores de Pataguas Cerro documentados en notas_adicionales (ZE difiere bastante: sin columna densidad, CC mas bajo). ADP/AV exclusivas de Pichidegua, ZEI exclusiva de Pataguas Cerro. Se corrigio una inversion aparente de columnas Ocupacion/Densidad en ZU1/ZU2 de Pichidegua (confirmada por comparacion cruzada). ECH (Cap.V Normas Patrimoniales) y 6 codigos del geojson ajenos a la ordenanza transcrita (CE,APF,AR,AR2,PT,ARC) quedaron con null+nota de brecha.",S1,2026-07-23T10:18:25
san_fernando,06,06_sanfernando.json,18,18,18,,BAJA,"18 fichas = 18/18 codigos geojson. HALLAZGO YA CONFIRMADO EN FASE4: las 14 zonas ZU/ZE del rango transcrito tienen el cuadro numerico principal (predial,COS,CC,altura,agrupamiento) en null porque el documento remite literalmente a 'VER D.O. DE FECHA 10.09.1998' (Diario Oficial posterior no disponible en el corpus) -- omision real de fuente, no de transcripcion. Excepcion parcial: predial 160m2 disponible via disposiciones complementarias en ZU-4/ZE-1. Usos permitidos/prohibidos SI completos para las 14 zonas. 4 zonas adicionales (ZR-2,ZR-6,ZR-9,Area Verde) sin texto de ordenanza en el rango extraido, fichas construidas solo con atributos del geojson (NOM/UPERM/UPROH). RECOMENDACION: re-sourcing del D.O. 10-09-1998 y de paginas 20+ del decreto antes de confiar en esta comuna para uso normativo real.",S1,2026-07-23T10:18:45
cauquenes,07,07_cauquenes.json,14,14,14,,ALTA,"14 fichas = 14/14 codigos geojson (ZM1-3,ZH1-3,ZE1-2,ZAP,ZI,ZAV,ZCH,ZR1-2). Enmiendas aplicadas: ZM3 altura 18m, ZM2 altura 14,40m (+20%). ZR2 hereda norma de ZM2 ya enmendada (verificado en fase4). ZR1/ZR2 mapeados desde ZRI1/ZRI2 de la ordenanza al codigo exacto del geojson. ZE2/ZAV/ZCH/ZR1 con remision normativa (Codigo Sanitario/OGUC) sin cuadro numerico propio. ZNE no aparece en este geojson, no se genero ficha.",S1,2026-07-23T10:07:06
linares,07,07_linares.json,14,13,13,,MEDIA,"14 fichas = 14/14 codigos geojson (Z-1..Z-10,ZE,ZAP,ZAV,AV). Base PRC2017(Res.92) + Enmienda2019 sobre Z-1/2/4/6/8/10 + Enmienda2024(mas reciente) sobre Z-3/5/10. Z-1 con anomalia documentada (altura otro sistema Libre->2m en Decreto784/2019). AV tratado como equivalente de ZAV (sin articulo propio, solo en geojson). ADVERTENCIA: la fecha exacta de la Enmienda 2024 no consta en la fuente transcrita -- el subagente uso 2024-01-01 como placeholder en fecha_vigencia, requiere corregir con la fecha real del Diario Oficial cuando se ubique.",S1,2026-07-23T09:46:54
molina,07,07_molina.json,18,18,18,,MEDIA,"18 fichas = 18/18 codigos geojson (17 de la ordenanza + AVE huerfano sin fuente, null+nota). ZU-2 identificada por aritmetica (COS/CC x1.3, altura/densidad x1.2 sobre Decreto52/2022, agrupamiento coincide) como la 'zona no identificada' del Decreto2922/2023 -- inferencia razonada, no confirmada textualmente, requiere validacion. Decreto2922 aplicado sobre ZU-2/ZU-2b/ZU-3-7/ZAP. ZAV sin COS propio (solo CC). ZU-7 con cuadro de usos acotado, confianza MEDIA en esa seccion (heredada de fase4). ZPL sin cuadro normativo propio (area protegida por decreto externo). ICH no incluido (no es codigo ZONA separado en el geojson).",S1,2026-07-23T10:06:30
pelluhue,07,07_pelluhue.json,14,14,14,,ALTA,"14/14 zonas del GeoJSON con ficha (ZC,ZU-1/2/3,ZE-1/2/3,ZAC,ZTBC-1/2,ZAP,ZAV,ZP-1/2). Ambos markdowns de Fase4 (dos transcripciones independientes de la misma ordenanza, Decreto 6.629) coinciden exactamente en las 14 zonas y sus normas; sin enmiendas posteriores detectadas. ZAV/ZP-1/ZP-2/ZAP tienen COS/altura null con nota explicita (ficha original sin esa fila, no 'libre'). Generado en 3 fragmentos por subagentes paralelos y ensamblado/validado por la sesion.",SESION 55,2026-07-23T10:03:45
romeral,07,07_romeral.json,13,13,12,ONAMIXTARESIDENCIAL4,MEDIA,"13 fichas. 12 zonas del Decreto44/2017 (ZU-1..7,ZAV,ZE-1..4) con valores base; ZU-1 documenta en notas las 2 enmiendas de poligonos municipales especificos SIN generalizarlas a toda la zona. ZNE (solo en geojson, sin cuadro en las paginas fuente) con campos null. ANOMALIA sin resolver: 2 poligonos del geojson traen ZONA='Zona Mixta Residencial 4' en vez de 'ZU-4' -- quedan sin match automatico del matcher, documentado en la ficha ZU-4, requiere revisar si el geojson necesita normalizacion de ese atributo.",S1,2026-07-23T10:18:45
san_clemente,07,07_sanclemente.json,16,15,15,,ALTA,"16 fichas = 16/16 codigos geojson. Conflicto Decreto1212(2026) vs Enmienda2018 resuelto: Decreto1212 es cronologicamente posterior, pero al comparar cifra por cifra ambos documentos coinciden EXACTAMENTE en los valores finales de ZU-7/ZU-8 (no hubo que elegir ni promediar). ZU-1A no es codigo del geojson actual (solo ZU-1), documentado como excepcion en la ficha ZU-1. 2 codigos del geojson sin cobertura en las 3 fuentes fase4 (AV='Area Verde Existente' distinto de ZAV; ZR-1='Inundacion Cauces Superficiales') -- fichas creadas con null+nota explicita en vez de omitirlas.",S1,2026-07-23T10:06:50
teno,07,07_teno.json,13,13,13,,ALTA,"13 fichas: 12 zonas Art.7 (ZU-1..8,ZE-1..3,ZAV) completas + AV (Area Verde Existente, brecha, solo en geojson, null+nota). ZE-1 documenta tal cual la contradiccion aparente entre columnas de usos permitidos/prohibidos de Actividades Productivas e Infraestructura Sanitaria (verificado a 500dpi en fase4, no resuelta arbitrariamente). CORRECCION POST-SUBAGENTE: el geojson de Teno usa el NOMBRE DESCRIPTIVO completo en el campo ZONA (ej. 'Zona Urbana 1'), no el codigo corto (ZU-1) -- el subagente origial genero zona_codigo='ZU-1' etc, causando cobertura 0/13; corregido manualmente igualando zona_codigo al nombre exacto del campo ZONA de cada feature.",S1,2026-07-23T10:29:19
florida,08,08_florida.json,14,14,14,,ALTA,"14 fichas = 14/14 codigos geojson: 13 zonas del Cap.IV (ZH-1..5,ZHCC,ZEXH-1/2,ZEXHC,ZER,ZAP,ZIS,ZEC) + AVP del geojson sin articulo propio en el rango transcrito (null+nota). ZIS/ZEC sin cuadro numerico (solo usos, tal como anticipaba fase4). Altura en todas las zonas remite a rasante OGUC 2.6.3 sin numero fijo en el cuadro fuente.",S1,2026-07-19T00:14:59
laja,08,08_laja.json,34,34,34,,MEDIA,"34 fichas cubriendo 34 codigos geojson desde 1 ordenanza (Res.106/2008, 29 zonas transcritas). ZRi-4 sin cuadro de condiciones visible en el rango (null, confianza MEDIA puntual). ZISC con 2 celdas sin valor en el original. Geojson usa 'Zex' minuscula vs 'ZEx' de la ordenanza -- se uso grafia del geojson para asegurar match. 5 codigos del geojson sin cuadro en el rango transcrito (AV, EP, Agua, Plan Seccional, Terr.Reserv.Ampliacion) -- Plan Seccional Playas de Laja es instrumento de 1964 no incluido en fase4, null+nota.",S1,2026-07-19T00:14:19
mulchen,08,08_mulchen.json,13,13,13,,ALTA,"13 zonas: 12 con datos reales (ZH1,ZH2,ZH3,ZM,ZI,ZEX1,ZEX2,ZEX3,ZE1,ZE2,ZE3,ZR) cruzadas de mulchen_ordenanza_prc_normas_zonas.md + mulchen_10_prc_zonas_completas_pag18-19.md (duplicados, cruzados entre si para maxima fidelidad); 1 ficha estimada (Area verde, sin texto fuente en el corpus, campos numericos null + marcador de validacion). Fuente: Resolucion V. y U. N10, 20.04.1989.",SESION4,2026-07-17T04:37:03
nacimiento,08,08_nacimiento.json,29,29,29,,MEDIA,"29 fichas = 29 codigos unicos geojson, todos de la Ordenanza 2009 (ZCC,ZR-1..4,ZRM-1/2,ZRC-1/2,ZEC,ZM-1/2,ZAP,ZAM,ZAMAP,ZST,ZED,ZMC,ZEP,ZExR-1/2,ZExAPC,ZPR-1..5) + AV/AGUA sin cuadro propio (null). Las zonas antiguas Z-1..Z-8 (1985/2004) no aparecen en el geojson vigente, quedan fuera. ZAP actualizada con Enmienda 2 (antejardin 10m/5m texto legal, discrepancia con plano 5,0m unico documentada). ZEC/ZAM/ZAMAP/ZEP sin tabla de condiciones (documentado). Enums ZonaUsoSuelo/tipo_zona_edificacion no cubren nomenclatura local, se usaron codigos pragmaticos siguiendo precedente de 05_algarrobo.json -- revisar consistencia de esos codigos pragmaticos entre comunas.",S1,2026-07-19T00:13:48
san_carlos,08,08_sancarlos.json,15,15,15,,ALTA,"15 fichas = 15/15 codigos geojson. 13 zonas del Art.35 (reconciliacion previa SESION4/AMIGO1 sin discrepancia, 156 valores verificados) + AV/BNUP sin cuadro propio (null, remite a Art.12/18 OL). ZPD sin tablas (solo espacio publico). Enums de agrupamiento/uso-suelo aproximados donde el esquema no calza exacto con nomenclatura local.",S1,2026-07-23T09:46:39
yumbel,08,08_yumbel.json,22,22,22,,MEDIA,"22 fichas = 22/22 codigos geojson. HALLAZGO IMPORTANTE no anticipado: el geojson usa un esquema de codigos (ZH1-4,ZEH-1/2/2c,ZE,ZECET,ZED,ZEE,ZESA,ZESC,ZESE,ZHMC,ZIS,ZP,ZPD,ZRI,AV,Agua,BNUP) totalmente distinto al del Art.22 transcrito en fase4 (H1-4,ZEX1/2,E/E1-5,CP,C,ZI,ZPE,ZRF,ZRP,ZPI,PFC) -- se remapeo por nombre/uso (ZH1->H1, ZEH-1->ZEX1, ZESA->E1, ZED->E4, ZP->ZI, ZRI->ZRF, ZESC->C, ZESE->CP, etc.), dejando el razonamiento en cada ficha. ZHMC/ZECET/ZEE/ZIS sin correspondencia textual defendible -- null+nota. Decreto/resolucion especifico de aprobacion no se ubico (solo D.O. 28-04-1998, plano PRY-01, confirmado por el subagente vía busqueda externa BND). Requiere validacion humana del remapeo de codigos.",S1,2026-07-19T00:14:59
angol,09,09_angol.json,7,7,7,,ALTA,"7 fichas: 6 zonas del Art.7 (Z-1..Z-5,Z-AV) con cuadro completo (reconciliacion previa SESION4/AMIGO1 sin discrepancia de cifras) + BNUP (129 features geojson, dominio publico, sin norma propia, null+nota). Erratas de fuente preservadas: titulo tabla Z-5 dice Densidad Media (nombre real Z-3); GASEODUCTO por GASODUCTO; tachado sin resolver en Esparcimiento Z-AV. Tabla Z-AV incompleta (6/10 filas) por limite de rango de paginas fase4, no ilegibilidad.",S1,2026-07-19T00:13:48
carahue,09,09_carahue.json,18,18,18,,MEDIA,"18 fichas = 18/18 codigos geojson. HALLAZGO IMPORTANTE: el geojson reutiliza el mismo codigo Z1 para la Z-1 de Carahue (predial 300m2, POS 80%, altura continua 7m) Y la Z-1 de Trovolhue (predial 150m2, POS 65%, altura continua 12m) -- normas DISTINTAS bajo un solo codigo; se documento con los valores de Carahue y nota de advertencia (el geolocalizador podria mostrar norma incorrecta para puntos en Trovolhue bajo este codigo). ZE1 y ZR2 tambien compartidos pero sin conflicto (normas identicas). ZR1(Carahue)/ZR1a,ZR-1b(Trovolhue) si tienen codigo propio diferenciado. 3 codigos sin articulo propio en el corpus (AV, Lecho de Cauce, Modificacion D.S.230) documentados con null+nota; D.S.230 investigado externamente (reemplaza ZR-5/parte Z-1 por Z-2), fecha exacta no confirmada.",S1,2026-07-19T00:14:37
renaico,09,09_renaico.json,7,7,7,,ALTA,"7 fichas = 7 codigos geojson (Z-H,Z-M1,Z-M2,Z-M3,Z-E,ZAV,BNUP). El geojson de esta capa NO incluye Tijeral (Z-1/Z-2/Z-3/ZAV del Decreto4/2012) -- ese instrumento queda sin uso en esta ficha por no tener poligono en esta capa, no se penso descartar informacion, solo no aplica aqui. Docs de comuna general (Res.90/2022 imagen + texto nativo) verificados cruzados sin discrepancia numerica. BNUP null+nota (dominio publico).",S1,2026-07-19T00:14:36
saavedra,09,09_saavedra.json,7,7,7,,MEDIA,"7 zonas: 4 con datos reales del Decreto 1749/1963 (Zona Residencial, Área Administrativa, Áreas de Equipamiento, Área verde), adoptando la grafia exacta del GeoJSON oficial (distinta de la fuente 1963 en singular/plural) con nota aclaratoria en cada ficha; 3 fichas estimadas (Inundable restringida, Áreas no edificables, Playa) sin texto normativo propio identificable en el corpus -- posible relacion historica con la antigua Area de Cooperativa Agricola/zonas inundables del decreto, no asumida sin confirmacion. 2 zonas del decreto original (Areas Industriales: explicitamente no existen en la comuna; Area Cooperativa Agricola: sin poligono en el GeoJSON actual) quedan fuera de esta ficha por no tener contraparte geoespacial vigente. Confianza MEDIA por la reconstruccion de correspondencia de nombres y por las 3 fichas estimadas.",SESION4,2026-07-17T04:47:47
villarrica,09,09_villarrica.json,32,30,30,,MEDIA,"32 fichas para 32 codigos geojson (Villarrica urbano + Lican Ray comparten capa). Ambiguedades reales sin resolver: ZR-1A/ZR-1B vs ZR-1a/ZR-1b parecen duplicado por capitalizacion (se documentaron 4 fichas separadas); ZR-2 geojson (proteccion vertientes) no calza con ZR-2 Lican Ray (Peninsula), mas cercano a ZR-3; ZR-4 geojson (Cementerio, Decreto 533) vs ZR-5 Lican Ray (Decreto 553) posible errata de numero. ZR-3/5/6/7/8/9, ZEF, Zona Difusa, Area Verde sin cuadro normativo en el corpus (null+nota). Z-2/Z-2E/Z-3/Z-4/Z-4E/ZE-5/ZE-6/SZ-1b solo tienen modificaciones puntuales de Res.47/2003 (usos/altura), sin cuadro base completo en el rango de paginas de fase4. Requiere validacion humana contra el plano oficial.",S1,2026-07-19T00:13:47
fresia,10,10_fresia.json,9,9,9,,ALTA,"9 fichas = 9/9 codigos geojson. Se uso grafia exacta del geojson (ZEx-1/ZEx-2 con x minuscula, no 'Z EX' con espacio de la ordenanza). ZE-2/ZR-1/ZR-2 sin sistema c1-c10 en la fuente (null+nota). Altura solo especificada para ZU-1. COS con split vivienda/otros usos en ZU-2/ZEx-1/ZEx-2: se uso valor de vivienda como numerico principal, detalle en cos_notas.",S1,2026-07-23T09:46:39
maullin,10,10_maullin.json,13,13,13,,ALTA,"13 fichas = 13/13 codigos geojson. Z1-Z7+ZAP+ZAV+ZE1+ZE2+ZPL con tabla propia completa. 'Areas verdes publicas' del geojson asimilada a ZAV (sin tabla propia en D.O.43305, nota de gap). AR1-AR3 (zonas de riesgo, toman norma de zona base) no aparecen en este geojson. Discrepancia real de fuente en Z5 (Esparcimiento prohibido, a diferencia de Z4) transcrita tal cual.",S1,2026-07-23T09:46:39
purranque,10,10_purranque.json,32,32,32,,BAJA,"32 fichas = 32/32 codigos geojson, pero SOLO 17 de 32 tienen respaldo textual real: 6 zonas Ordenanza 1967 (emparejadas por nombre de articulo, no codigo corto, coincide con nomenclatura del geojson) + 11 codigos cortos de la Modificacion La Colmena (ZH1,ZH1-A,ZH2,ZM1,ZC,ZE1,ZE1-A,ZE2,AV,AV-1,ZR-Le). Los 15 restantes NO tienen fuente en el corpus fase4 disponible: 2 remiten conceptualmente a Arts.29-30/1967 sin tabla numerica; 8 son categorias tipicas de plano base (area verde exist/proyectada, cementerio, no edificables, educacionales publicas, aeropuerto exist/proyectado, vegetacion protectora) fuera del rango transcrito; 5 (ZHE,ZHN,ZI,ZR,ZE) no calzan con ninguna fuente transcrita y probablemente pertenecen a un tercer instrumento no capturado en fase4 -- posible hueco real de descarga, no solo de transcripcion. Confianza BAJA por el volumen de fichas sin respaldo textual (usos tomados solo de UPERM/UPROH del propio geojson, nunca inventados). Recomendacion: revisar si existe un PRC seccional adicional de Purranque no descargado.",S1,2026-07-19T00:14:59
futrono,14,14_futrono.json,15,14,14,,MEDIA,"15 fichas: 14 codigos del geojson + Z-7 (creada por Res.101/2006, sin poligono en esta capa geojson, incluida igual por completitud normativa). Z-1/Z-3/Z-6 con valores 2006 (incluye agrupamiento/adosamiento/antejardin), resto con valores 1997. 'Zona Difusa' del geojson sin correlato en la ordenanza transcrita, ficha con null+nota. Fecha Res.101/2006 (17-ago-2006) inferida de LeyChile/BCN por el subagente, no confirmada contra Diario Oficial fisico -- validar.",S1,2026-07-23T10:18:46
la_union,14,14_launion.json,19,17,17,,ALTA,"19 zonas (ordenanza 9/2003 base + enmienda 9132/2014 ZR-4 + modificacion 117/2012 ZR-8,ZU-I + enmienda 2900/2013 estacionamientos ZU-4). zona_codigo sin guion para calzar con el GeoJSON (ZR4 no ZR-4). ZU-1 y ZU-I en ordenanza pero no en GeoJSON, incluidas igual. ZR-7 se asimila a ZU-2 por texto propio de la ordenanza.",SESION66,2026-07-23T10:07:07
lanco,14,14_lanco.json,15,15,15,,MEDIA,"15 fichas = 15/15 codigos geojson (coinciden con nomenclatura del Decreto5674/2003). Para ZU-1..5 se uso el doc.2 (Cuadros5-9) como fuente numerica primaria por mayor granularidad (vivienda/equipamiento/bodegas diferenciados), con discrepancias del Decreto5674 documentadas en notas. ZU-6/ZEX-1/ZEX-2/ZE-D solo en doc.1. ZR-1..6 sin cuadro numerico propio (remiten a leyes sectoriales o inedificables). ICH/AV-1/AV-2/ZI-1..4 del doc.2 no tienen geometria en este geojson, quedaron fuera.",S1,2026-07-23T10:06:51
los_lagos,14,14_loslagos.json,19,19,19,,MEDIA,"19 fichas = 19/19 codigos geojson. Correccion aplicada: predial minima 5000m2/frente 50m pertenecen a ZP-3, no a ZP-4/Recinto ESSAL (sin tabla propia). ZEx-3 con ambiguedad de alcance sin resolver entre norma industrial 1996 (usada como valor numerico principal) y Decreto796/2007 (asimila a ZU-4 pero solo menciona explicitamente Lotes 3-4 ~46325m2 Seccional La Rotonda, sin aclarar si aplica a toda la zona) -- ambas normas documentadas en la ficha, requiere validacion humana de alcance.",S1,2026-07-23T10:06:50
panguipulli,14,14_panguipulli.json,11,11,11,,ALTA,"11 zonas con datos reales del Decreto N5 (Cap.IV completo, arts 18-21, texto nativo): Z0-Z4 con cuadro normativo completo (usos, predial, CC, COS, agrupamiento, altura por sistema, adosamiento); R1 con predial minimo y restriccion de edificacion a obras ligeras; R2-R6 zonas de restriccion sin cuadro numerico estandar (protecciones de quebradas/infraestructura/lineas de alta tension/ferrocarril/esteros), transcritas con sus condiciones textuales especificas (franjas de 1,5m/10m/3m segun corresponda). Codigos adoptan grafia con guion del GeoJSON oficial (Z-0..Z-4, R-1..R-6) vs sin guion de la fuente (Z0..Z4, R1..R6). Cobertura GeoJSON exacta 11/11 sin necesidad de fichas estimadas. Confianza ALTA heredada de fase4 (texto nativo confirmado, no imagen).",SESION4,2026-07-17T05:01:03
valdivia,14,14_valdivia.json,71,69,69,,MEDIA,"71 fichas: 21 con datos reales de Fase 4 (18 zonas base ZU/ZR/ZE del Decreto 179/1988 + ZB-5 sin poligono en GeoJSON + ZK-V1/ZK-V2a solo con % de variacion sin valores base, confianza MEDIA por esas 2). 50 fichas estimadas (null) para codigos del GeoJSON sin texto normativo en el corpus (familias ZC/ZCE/ZCH/ZCP/ZCR completas, subzonas ZE-4 a ZE-9, ZR-1a/2a/4b/5/6, ZU-1a/1b/1d/4a/7a/8/9, ZU-EA/EC/ED/EE/EI/EM, Area Verde y Área Verde como variantes separadas de acentuacion). Discrepancia sin resolver: ordenanza dice ZE-1.d, GeoJSON tiene ZE-1e (no fusionados, ambos documentados por separado, requiere validacion humana contra el plano oficial).",SESION4,2026-07-16T23:13:37
